timestamp_ms,accelX,accelY,accelZ,gyroX,gyroY,gyroZ,pressureHPa,altitudeM,filteredHeight,filteredVelocity,imuVelocityPrediction,predictedApogeeM,servoCommand
0,0.246602774,9.770736694,0.605733037,-0.005062787,0.05808882,-0.015987748,1032.946289,0.080955096,0.127095386,0.148302287,0,0,0
0,0.244208574,9.756371498,0.598550439,-0.004529862,0.055690661,-0.016520673,1032.946289,0.080955096,0.128580362,0.148691669,0,0,0
0,0.239420176,9.775525093,0.600944638,-0.005862175,0.052226644,-0.016787136,1032.946289,0.080955096,0.130069226,0.149080947,0,0,0
0,0.217872351,9.756371498,0.656011283,-0.005062787,0.050094947,-0.016254211,1032.946289,0.080955096,0.125743926,0.140384048,0,0,0
0,0.213083953,9.742006302,0.639251828,-0.0042634,0.050094947,-0.016254211,1032.946289,0.080955096,0.127149314,0.140693337,0,0,0
0,0.189141929,9.782708168,0.682347476,-0.003730475,0.050094947,-0.015721286,1032.946289,0.080955096,0.128557801,0.141002521,0,0,0
0,0.201112941,9.773131371,0.627280831,-0.003996937,0.052226644,-0.015454824,1032.946289,0.080955096,0.129969373,0.141311586,0,0,0
0,0.217872351,9.768342972,0.636857629,-0.003464012,0.05249311,-0.015721286,1032.946289,0.080955096,0.125570551,0.13250652,0,0,0
0,0.222660765,9.758766174,0.653617084,-0.002931087,0.053825419,-0.015454824,1032.946289,0.080955096,0.126896754,0.132734001,0,0,0
0,0.277727395,9.727641106,0.615309834,-0.003730475,0.051693719,-0.016254211,1032.946289,0.080955096,0.128225222,0.132961392,0,0,0
0,0.265756398,9.792284966,0.629675031,-0.00319755,0.050094947,-0.016254211,1032.946289,0.080955096,0.12955597,0.133188695,0,0,0
0,0.210689753,9.751583099,0.581790984,-0.003996937,0.049828485,-0.015987748,1032.946289,0.080955096,0.125115991,0.124326117,0,0,0
0,0.198718742,9.756371498,0.651222885,-0.002398162,0.048762634,-0.015454824,1032.946289,0.080955096,0.126359984,0.124470681,0,0,0
0,0.177170932,9.775525093,0.658405483,-0.003730475,0.051160797,-0.016787136,1032.946289,0.080955096,0.127605408,0.124615163,0,0,0
0,0.155623108,9.756371498,0.648828685,-0.0042634,0.051960181,-0.016520673,1032.946289,0.093525819,0.128852278,0.12475954,0,0,0
0,0.158017308,9.761159897,0.639251828,-0.00319755,0.051960181,-0.015721286,1032.944702,0.093525819,0.125859171,0.118193425,0,0,0
0,0.210689753,9.777919769,0.691924274,-0.002931087,0.052759573,-0.015188362,1032.944702,0.093525819,0.127041519,0.118275806,0,0,0
6,0.229843363,9.737217903,0.586579442,-0.003464012,0.052226644,-0.015188362,1032.944702,0.093525819,0.128224701,0.118358016,0,0,0
16,0.270544797,9.765948296,0.622492433,-0.002931087,0.051960181,-0.014122511,1032.944702,0.093525819,0.129408702,0.11844001,0,0,0
26,0.258573771,9.756371498,0.617704034,-0.003730475,0.050627869,-0.016254211,1032.944702,0.093525819,0.126280934,0.111664459,0,0,0
36,0.258573771,9.742006302,0.636857629,-0.004529862,0.049562022,-0.015188362,1032.944702,0.093525819,0.127397671,0.111682408,0,0,0
46,0.229843363,9.737217903,0.581790984,-0.004529862,0.049295556,-0.015987748,1032.944702,0.093525819,0.128514588,0.111700192,0,0,0
56,0.179565132,9.785101891,0.603338838,-0.00319755,0.049029093,-0.016787136,1032.944702,0.093525819,0.129631683,0.111717887,0,0,0
66,0.217872351,9.818621635,0.641646028,-0.004529862,0.049562022,-0.014388974,1032.944702,0.093525819,0.126403332,0.104788668,0,0,0
76,0.201112941,9.770736694,0.615309834,-0.0042634,0.052226644,-0.014921899,1032.944702,0.093525819,0.127450973,0.104740664,0,0,0
86,0.208295554,9.780313492,0.600944638,-0.003996937,0.053292494,-0.014921899,1032.944702,0.093525819,0.128498137,0.104692444,0,0,0
96,0.215478152,9.775525093,0.620098233,-0.003730475,0.05489127,-0.015188362,1032.942993,0.107605048,0.129544824,0.104644008,0,0,0
106,0.253785372,9.792284966,0.605733037,-0.003996937,0.053825419,-0.014921899,1032.942993,0.107605048,0.12789768,0.100265995,0,0,0
116,0.244208574,9.765948296,0.538695395,-0.003996937,0.052759573,-0.014921899,1032.942993,0.107605048,0.128899887,0.10017617,0,0,0
126,0.289698392,9.809044838,0.588973641,-0.003996937,0.051960181,-0.015188362,1032.942993,0.107605048,0.129901201,0.10008613,0,0,0
136,0.248996973,9.785101891,0.636857629,-0.004529862,0.052759573,-0.017320061,1032.942993,0.107605048,0.13090162,0.099995978,0,0,0
146,0.191536129,9.773131371,0.636857629,-0.005329249,0.054624807,-0.018119449,1032.942993,0.107605048,0.129043281,0.095286563,0,0,0
156,0.18435353,9.770736694,0.653617084,-0.00319755,0.055690661,-0.017053599,1032.942993,0.107605048,0.12999548,0.095152386,0,0,0
166,0.248996973,9.773131371,0.663193882,-0.003996937,0.055690661,-0.015721286,1032.941284,0.12168429,0.130946338,0.095018007,0,0,0
176,0.193930343,9.804255486,0.629675031,-0.005862175,0.053558957,-0.015987748,1032.941284,0.12168429,0.131895855,0.094883427,0,0,0
186,0.18674773,9.782708168,0.612915635,-0.005595712,0.054358348,-0.014921899,1032.941284,0.12168429,0.131526038,0.092606641,0,0,0
196,0.210689753,9.782708168,0.653617084,-0.004529862,0.054091886,-0.014122511,1032.941284,0.12168429,0.132451326,0.09245117,0,0,0
206,0.244208574,9.749189377,0.675164878,-0.005595712,0.055424199,-0.014122511,1032.941284,0.12168429,0.133375064,0.092295386,0,0,0
216,0.20350714,9.773131371,0.615309834,-0.00319755,0.054091886,-0.014921899,1032.941284,0.12168429,0.134297237,0.092139348,0,0,0
226,0.251391172,9.761159897,0.591367841,-0.004529862,0.05595712,-0.015987748,1032.941284,0.12168429,0.133612856,0.089361235,0,0,0
236,0.213083953,9.775525093,0.63206923,-0.003996937,0.053558957,-0.017053599,1032.941284,0.12168429,0.134505555,0.089180008,0,0,0
246,0.258573771,9.749189377,0.67037648,-0.004529862,0.05249311,-0.015721286,1032.941284,0.12168429,0.135396451,0.088998578,0,0,0
256,0.234631762,9.770736694,0.66798228,-0.0042634,0.051960181,-0.017586524,1032.941284,0.12168429,0.136285529,0.088817045,0,0,0
266,0.215478152,9.799467087,0.675164878,-0.004529862,0.052226644,-0.016254211,1032.941284,0.12168429,0.135328129,0.085607328,0,0,0
276,0.208295554,9.789890289,0.675164878,-0.003730475,0.050894335,-0.015721286,1032.941284,0.12168429,0.136183143,0.0853967,0,0,0
286,0.18435353,9.756371498,0.651222885,-0.003996937,0.051960181,-0.015454824,1032.941284,0.12168429,0.137036055,0.085185841,0,0,0
296,0.217872351,9.801861763,0.672770679,-0.00319755,0.052759573,-0.015987748,1032.941284,0.12168429,0.137886852,0.084974773,0,0,0
306,0.248996973,9.765948296,0.603338838,-0.002398162,0.054091886,-0.016254211,1032.941284,0.12168429,0.136696056,0.081400461,0,0,0
316,0.268150598,9.730035782,0.672770679,-0.003996937,0.053825419,-0.016254211,1032.941284,0.12168429,0.137508839,0.081157133,0,0,0
326,0.239420176,9.753977776,0.634463429,-0.003996937,0.052226644,-0.014388974,1032.941284,0.12168429,0.138319194,0.080913492,0,0,0
336,0.208295554,9.785101891,0.672770679,-0.003730475,0.049828485,-0.017053599,1032.941284,0.12168429,0.139127105,0.080669701,0,0,0
346,0.18674773,9.751583099,0.644040287,-0.002398162,0.049029093,-0.017586524,1032.941284,0.12168429,0.137740552,0.076795727,0,0,0
356,0.191536129,9.835380554,0.59615624,-0.002931087,0.048762634,-0.017053599,1032.941284,0.12168429,0.138507128,0.076517232,0,0,0
366,0.18435353,9.753977776,0.648828685,-0.003464012,0.048496172,-0.016787136,1032.941284,0.12168429,0.139270902,0.076238565,0,0,0
376,0.172382519,9.770736694,0.684741676,-0.003464012,0.049295556,-0.015454824,1032.941284,0.12168429,0.140031889,0.075959645,0,0,0
386,0.196324542,9.763554573,0.672770679,-0.00319755,0.05249311,-0.014655436,1032.941284,0.12168429,0.138485283,0.071848258,0,0,0
396,0.248996973,9.749189377,0.579396784,-0.004529862,0.05249311,-0.014655436,1032.941284,0.12168429,0.139202192,0.071532294,0,0,0
406,0.227449164,9.768342972,0.545877993,-0.003464012,0.051693719,-0.014388974,1032.941284,0.12168429,0.139915943,0.071215987,0,0,0
416,0.272938997,9.761159897,0.600944638,-0.002664625,0.050627869,-0.015188362,1032.941284,0.12168429,0.14062652,0.07089939,0,0,0
426,0.239420176,9.751583099,0.605733037,-0.003730475,0.049828485,-0.016787136,1032.941284,0.12168429,0.138953581,0.066609934,0,0,0
436,0.265756398,9.797073364,0.634463429,-0.003996937,0.050094947,-0.017053599,1032.941284,0.12168429,0.139617905,0.066255152,0,0,0
446,0.237025961,9.81143856,0.636857629,-0.002664625,0.051960181,-0.014921899,1032.941284,0.12168429,0.140278682,0.065900058,0,0,0
456,0.215478152,9.801861763,0.615309834,-0.003464012,0.055424199,-0.014921899,1032.941284,0.12168429,0.140935913,0.065544628,0,0,0
466,0.198718742,9.727641106,0.608127236,-0.00319755,0.056223582,-0.014921899,1032.943726,0.101571091,0.136721775,0.057036221,0,0,0
476,0.210689753,9.758766174,0.66798228,-0.002664625,0.056490045,-0.015721286,1032.943726,0.101571091,0.137289956,0.056601908,0,0,0
486,0.215478152,9.801861763,0.622492433,-0.003996937,0.054358348,-0.015987748,1032.943726,0.101571091,0.137853801,0.056167327,0,0,0
496,0.201112941,9.782708168,0.624886632,-0.003996937,0.051960181,-0.016254211,1032.943726,0.101571091,0.138413295,0.055732496,0,0,0
506,0.256179571,9.734824181,0.641646028,-0.005329249,0.05142726,-0.015454824,1032.943726,0.101571091,0.134401083,0.04761913,0,0,0
516,0.244208574,9.751583099,0.574608386,-0.004796324,0.053825419,-0.015721286,1032.943726,0.101571091,0.134874731,0.047109023,0,0,0
526,0.225054964,9.737217903,0.603338838,-0.005329249,0.056223582,-0.016254211,1032.943726,0.101571091,0.135343269,0.046598639,0,0,0
536,0.220266551,9.746794701,0.610521436,-0.003730475,0.05808882,-0.015721286,1032.943726,0.101571091,0.13580671,0.046087943,0,0,0
546,0.229843363,9.777919769,0.548272192,-0.004796324,0.058355279,-0.016520673,1032.943726,0.101571091,0.132010892,0.038397208,0,0,0
556,0.210689753,9.749189377,0.584185243,-0.005329249,0.057022974,-0.017320061,1032.943726,0.101571091,0.132391959,0.037815467,0,0,0
566,0.198718742,9.797073364,0.577002585,-0.0042634,0.05595712,-0.018385911,1032.943726,0.101571091,0.132767215,0.037233587,0,0,0
576,0.220266551,9.804255486,0.644040287,-0.005062787,0.055157732,-0.017852986,1032.943726,0.101571091,0.133136645,0.036651544,0,0,0
586,0.198718742,9.737217903,0.701501071,-0.005062787,0.054624807,-0.016520673,1032.943726,0.101571091,0.12956953,0.029408604,0,0,0
596,0.222660765,9.756371498,0.636857629,-0.005862175,0.055690661,-0.015454824,1032.943726,0.101571091,0.129860371,0.028759904,0,0,0
606,0.222660765,9.763554573,0.617704034,-0.003464012,0.056223582,-0.015987748,1032.943726,0.101571091,0.130144715,0.028110849,0,0,0
616,0.239420176,9.773131371,0.624886632,-0.0042634,0.054624807,-0.016254211,1032.945435,0.08749187,0.130422577,0.027461478,0,0,0
626,0.196324542,9.742006302,0.694318473,-0.004529862,0.055157732,-0.017053599,1032.945435,0.08749187,0.12535432,0.017727185,0,0,0
636,0.215478152,9.763554573,0.648828685,-0.004529862,0.053825419,-0.017053599,1032.945435,0.08749187,0.125527889,0.016986221,0,0,0
646,0.277727395,9.763554573,0.634463429,-0.003464012,0.051960181,-0.016254211,1032.945435,0.08749187,0.125694036,0.016244892,0,0,0
656,0.189141929,9.763554573,0.600944638,-0.002931087,0.051160797,-0.017586524,1032.945435,0.08749187,0.125852779,0.015503289,0,0,0
666,0.20350714,9.787496567,0.59615624,-0.003464012,0.05142726,-0.015987748,1032.945435,0.08749187,0.121225186,0.006595248,0,0,0
676,0.18674773,9.770736694,0.641646028,-0.002664625,0.051693719,-0.017320061,1032.945435,0.08749187,0.121287011,0.005770069,0,0,0
686,0.215478152,9.761159897,0.651222885,-0.002664625,0.052226644,-0.015721286,1032.945435,0.08749187,0.12134058,0.004944423,0,0,0
696,0.20350714,9.821015358,0.634463429,-0.002398162,0.053825419,-0.015721286,1032.947144,0.073915496,0.121385895,0.004118305,0,0,0
706,0.217872351,9.797073364,0.689530075,-0.003464012,0.054091886,-0.015454824,1032.947144,0.073915496,0.115504138,-0.006867902,0,0,0
716,0.232237563,9.763554573,0.682347476,-0.003730475,0.053558957,-0.015987748,1032.947144,0.073915496,0.115430802,-0.007799419,0,0,0
726,0.234631762,9.758766174,0.682347476,-0.00319755,0.051693719,-0.016254211,1032.948853,0.059836313,0.115348153,-0.008731396,0,0,0
736,0.215478152,9.782708168,0.598550439,-0.002398162,0.049828485,-0.015188362,1032.948853,0.059836313,0.115256175,-0.009663938,0,0,0
746,0.222660765,9.758766174,0.617704034,-0.003996937,0.049562022,-0.016787136,1032.948853,0.059836313,0.108234763,-0.022533601,0,0,0
756,0.179565132,9.765948296,0.677559078,-0.002664625,0.052759573,-0.017320061,1032.948853,0.059836313,0.108004138,-0.023591863,0,0,0
766,0.210689753,9.775525093,0.696712673,-0.003464012,0.053292494,-0.015721286,1032.950684,0.044751495,0.107762925,-0.024650665,0,0,0
776,0.193930343,9.794678688,0.648828685,-0.0042634,0.05249311,-0.016520673,1032.950684,0.044751495,0.107511118,-0.025709921,0,0,0
786,0.189141929,9.775525093,0.703895271,-0.002931087,0.052226644,-0.016254211,1032.950684,0.044751495,0.099397764,-0.040386226,0,0,0
796,0.217872351,9.749189377,0.612915635,-0.002398162,0.050894335,-0.014122511,1032.950684,0.044751495,0.098987877,-0.041592281,0,0,0
806,0.260968,9.758766174,0.63206923,-0.0021317,0.05142726,-0.014921899,1032.950684,0.044751495,0.098565921,-0.042799078,0,0,0
816,0.275333196,9.794678688,0.658405483,-0.003464012,0.049828485,-0.015188362,1032.950684,0.044751495,0.098131895,-0.044006538,0,0,0
826,0.284909993,9.756371498,0.624886632,-0.004529862,0.050361406,-0.014921899,1032.950684,0.044751495,0.091007009,-0.05686992,0,0,0
836,0.241814375,9.794678688,0.653617084,-0.004529862,0.050894335,-0.015188362,1032.950684,0.044751495,0.090431631,-0.058205612,0,0,0
846,0.217872351,9.801861763,0.617704034,-0.005329249,0.050894335,-0.015188362,1032.948853,0.059836313,0.089842893,-0.059541956,0,0,0
856,0.210689753,9.785101891,0.63206923,-0.005862175,0.050361406,-0.014655436,1032.948853,0.059836313,0.089240789,-0.060878973,0,0,0
866,0.225054964,9.751583099,0.663193882,-0.005862175,0.052759573,-0.015721286,1032.948853,0.059836313,0.084976234,-0.068626806,0,0,0
876,0.174776718,9.797073364,0.608127236,-0.005062787,0.053825419,-0.014921899,1032.947144,0.073915496,0.084282927,-0.07003545,0,0,0
886,0.246602774,9.844957352,0.672770679,-0.004529862,0.05595712,-0.014388974,1032.947144,0.073915496,0.083575524,-0.071444899,0,0,0
896,0.239420176,9.794678688,0.634463429,-0.005062787,0.057289433,-0.014921899,1032.947144,0.073915496,0.082854025,-0.072855078,0,0,0
906,0.260968,9.756371498,0.634463429,-0.005062787,0.05808882,-0.014921899,1032.947144,0.073915496,0.081073664,-0.076112993,0,0,0
916,0.418985307,10.49618053,0.701501071,-0.003996937,0.057022974,-0.015188362,1032.951416,0.038717575,0.080305375,-0.077544801,0,0,0
926,-3.462015629,12.02607536,1.11569798,-0.009592649,0.045298621,-0.021050537,1032.951416,0.038717575,0.079522766,-0.078976497,0,0,0
936,0.134075299,9.119514465,-0.945709646,-0.03650536,0.0021317,-0.014921899,1032.951416,0.038717575,0.078725852,-0.080407478,0,0,0
946,-0.019153614,7.560888767,-0.093373865,-0.023182238,0.019451762,-0.017586524,1032.951416,0.038717575,0.072897665,-0.090756766,0,0,0
956,1.980004787,11.47780323,0.857124209,-0.005595712,0.039702907,-0.016787136,1032.951416,0.038717575,0.071982451,-0.092284881,0,0,0
966,0.239420176,8.980650902,0.940921247,-0.001332312,0.045831546,-0.016787136,1032.951416,0.038717575,0.071051955,-0.09381377,0,0,0
976,-0.51954174,9.418789864,0.555454791,0.007194487,0.064217456,-0.018119449,1032.951416,0.038717575,0.070106164,-0.095343702,0,0,0
986,0.079008654,10.80503273,0.59615624,0.007194487,0.058355279,-0.018385911,1032.951416,0.038717575,0.065231115,-0.103870705,0,0,0
996,-0.366312861,9.749189377,0.59376204,-0.002398162,0.043433387,-0.014921899,1032.951416,0.038717575,0.064184368,-0.105479054,0,0,0
1006,0.033518825,9.63666153,0.323217243,-0.005329249,0.03757121,-0.017586524,1032.951416,0.038717575,0.063121527,-0.107087918,0,0,0
1016,0.646434486,9.871294022,0.756567717,-0.007993874,0.03543951,-0.017852986,1032.951416,0.038717575,0.062042601,-0.108697124,0,0,0
1026,0.318428814,9.646238327,0.792480767,-0.007727412,0.04103522,-0.017586524,1032.951416,0.038717575,0.058073733,-0.115470394,0,0,0
1036,0.193930343,9.579200745,0.560243189,-0.005862175,0.050627869,-0.017053599,1032.951416,0.038717575,0.056910697,-0.117136896,0,0,0
1046,0.383072257,9.746794701,0.718260527,-0.003996937,0.060220521,-0.014122511,1032.951416,0.038717575,0.055730991,-0.118804403,0,0,0
1056,0.234631762,9.859322548,0.785298169,-0.0021317,0.062085759,-0.016254211,1032.951416,0.038717575,0.054534607,-0.120472774,0,0,0
1066,0.079008654,9.761159897,0.648828685,-0.001332312,0.062085759,-0.016787136,1032.949707,0.052796729,0.053253349,-0.122265056,0,0,0
1076,0.29688102,9.761159897,0.723048925,-0.002931087,0.056490045,-0.016520673,1032.949707,0.052796729,0.052022342,-0.123936392,0,0,0
1086,0.258573771,9.83777523,0.725443125,-0.003464012,0.054624807,-0.017053599,1032.949707,0.052796729,0.050774619,-0.125608414,0,0,0
1096,0.04070143,9.804255486,0.699106872,-0.003464012,0.057022974,-0.016787136,1032.949707,0.052796729,0.04951017,-0.127281174,0,0,0
1106,0.177170932,9.785101891,0.720654726,-0.0042634,0.05489127,-0.016254211,1032.943726,0.101571091,0.055193007,-0.116337761,0,0,0
1116,0.227449164,9.818621635,0.608127236,-0.003730475,0.053558957,-0.016520673,1032.943726,0.101571091,0.054021917,-0.117879935,0,0,0
1126,0.165199921,9.789890289,0.648828685,-0.002664625,0.050094947,-0.016254211,1032.943726,0.101571091,0.052835401,-0.119422868,0,0,0
1136,0.244208574,9.727641106,0.699106872,-0.003464012,0.043966308,-0.015454824,1032.943726,0.101571091,0.051633455,-0.120966613,0,0,0
1146,0.272938997,9.823410034,0.572214186,-0.003464012,0.038903523,-0.015721286,1032.947998,0.066875905,0.052574683,-0.118595757,0,0,0
1156,0.20590134,9.782708168,0.514753342,-0.002931087,0.03996937,-0.014655436,1032.947998,0.066875905,0.051381197,-0.12010169,0,0,0
1166,0.280121595,9.763554573,0.608127236,-0.003996937,0.042900458,-0.015188362,1032.947998,0.066875905,0.050172646,-0.121608414,0,0,0
1176,0.248996973,9.744400978,0.505176544,-0.0021317,0.044765696,-0.017053599,1032.947998,0.066875905,0.048949026,-0.123115823,0,0,0
1186,0.122104287,9.753977776,0.588973641,-0.002664625,0.046630934,-0.017586524,1032.947998,0.066875905,0.050233793,-0.120047942,0,0,0
1196,0.246602774,9.799467087,0.651222885,-0.003730475,0.048229709,-0.015721286,1032.947998,0.066875905,0.049025994,-0.121511728,0,0,0
1206,0.244208574,9.801861763,0.617704034,-0.004529862,0.048762634,-0.016254211,1032.947998,0.066875905,0.047803555,-0.122976139,0,0,0
1216,0.225054964,9.806650162,0.648828685,-0.005595712,0.050627869,-0.016787136,1032.945435,0.08749187,0.046566468,-0.124441072,0,0,0
1226,0.201112941,9.667786598,0.644040287,-0.003730475,0.05595712,-0.015721286,1032.945435,0.08749187,0.050886534,-0.115820765,0,0,0
1236,0.222660765,9.818621635,0.600944638,-0.002931087,0.060753446,-0.015188362,1032.945435,0.08749187,0.049721472,-0.117191508,0,0,0
1246,0.260968,9.864110947,0.617704034,-0.005329249,0.062085759,-0.014388974,1032.945435,0.08749187,0.048542697,-0.118562989,0,0,0
1256,0.232237563,9.782708168,0.63206923,-0.005329249,0.059954058,-0.015721286,1032.945435,0.08749187,0.047350205,-0.119935066,0,0,0
1266,0.213083953,9.832986832,0.617704034,-0.004796324,0.058888208,-0.015188362,1032.945435,0.08749187,0.051620133,-0.111431666,0,0,0
1276,0.294486821,9.667786598,0.627280831,-0.005329249,0.05595712,-0.014655436,1032.945435,0.08749187,0.050499398,-0.112715282,0,0,0
1286,0.272938997,9.655815125,0.653617084,-0.005329249,0.053026035,-0.015987748,1032.945435,0.08749187,0.049365822,-0.113999419,0,0,0
1296,0.213083953,9.821015358,0.627280831,-0.0042634,0.056756508,-0.015454824,1032.951416,0.038717575,0.048219405,-0.11528419,0,0,0
1306,0.169988319,9.880870819,0.665588081,-0.003996937,0.059421133,-0.016787136,1032.951416,0.038717575,0.045953449,-0.118554354,0,0,0
1316,0.10295067,9.816226959,0.598550439,-0.004796324,0.057022974,-0.016254211,1032.951416,0.038717575,0.044761389,-0.119857781,0,0,0
1326,0.122104287,9.794678688,0.541089594,-0.004529862,0.05142726,-0.013589587,1032.951416,0.038717575,0.043556288,-0.121162012,0,0,0
1336,0.325611442,9.667786598,0.574608386,-0.006928025,0.046897396,-0.014655436,1032.951416,0.038717575,0.042338144,-0.122466862,0,0,0
1346,0.196324542,9.785101891,0.610521436,-0.005062787,0.047963247,-0.014921899,1032.951416,0.038717575,0.040789768,-0.124337837,0,0,0
1356,0.275333196,9.83777523,0.536301196,-0.005062787,0.050894335,-0.014655436,1032.951416,0.038717575,0.039539833,-0.125649005,0,0,0
1366,0.380678058,9.622296333,0.586579442,-0.005595712,0.054091886,-0.013323124,1032.949707,0.052796729,0.038276784,-0.126960963,0,0,0
1376,0.215478152,9.655815125,0.720654726,-0.00319755,0.059421133,-0.015987748,1032.949707,0.052796729,0.037000611,-0.128273562,0,0,0
1386,0.234631762,9.904812813,0.612915635,-0.001598775,0.060486984,-0.016254211,1032.949707,0.052796729,0.037978943,-0.125570223,0,0,0
1396,0.215478152,9.792284966,0.629675031,-0.002664625,0.05489127,-0.015987748,1032.949707,0.052796729,0.036716845,-0.126849443,0,0,0
1406,0.225054964,10.15380955,0.608127236,-0.0021317,0.051693719,-0.015987748,1032.949707,0.052796729,0.03544195,-0.128129318,0,0,0
1416,0.284909993,9.852140427,0.749385118,-0.0042634,0.053825419,-0.015454824,1032.949707,0.052796729,0.034154251,-0.129409835,0,0,0
1426,0.232237563,10.28309631,1.125274777,-0.005062787,0.061552834,-0.015454824,1032.949707,0.052796729,0.035497982,-0.126041695,0,0,0
1436,0.85473001,10.17535686,2.032677174,-0.0063951,0.070346095,-0.017320061,1032.949707,0.052796729,0.034231354,-0.127283961,0,0,0
1446,-0.905008256,11.48019695,-1.726219416,0.005595712,0.075142421,-0.014921899,1032.949707,0.052796729,0.032952297,-0.128527284,0,0,0
1456,-10.11310768,61.69618225,5.509057999,0.002398162,0.057822358,-0.02797856,1032.949707,0.052796729,0.03166081,-0.129770249,0,0,0
1466,1.206677675,78.45080566,5.810727596,-0.001865237,-0.157212853,-0.068747319,1032.949707,0.052796729,0.03332676,-0.125829935,0,0,0
1476,6.399701118,78.45080566,0.677559078,-0.017320061,-0.163874418,-0.085534461,1032.954834,0.01106215,0.032062512,-0.127019584,0,0,0
1486,6.306327343,78.45080566,2.518700123,-0.018385911,-0.413016826,-0.096992344,1032.954834,0.01106215,0.030786406,-0.128201678,0,0,0
1496,-0.081402861,78.45080566,3.095702887,-0.032241959,-0.628851414,-0.091396637,1032.954834,0.01106215,0.03291259,0.553438842,0.686408043,0,0
1506,2.535459518,78.45080566,2.140416384,-0.063950993,-0.824168444,-0.050361406,1032.954834,0.01106215,0.03778246,1.227604508,1.372816086,0,0
1516,-0.905008256,78.45080566,4.331110954,-0.063950993,-1.121274114,-0.009592649,1032.947998,0.066875905,0.053465448,1.908993244,2.059224129,0,0
1526,0.110133275,78.45080566,2.849100113,-0.046897396,-1.443427324,0.015188362,1032.947998,0.066875905,0.075962245,2.590367079,2.745632172,0,0
1536,-0.011971008,78.45080566,3.754108191,-0.040502299,-1.515372038,0.024514547,1032.947998,0.066875905,0.105272666,3.271716356,3.432040215,0,0
1546,-1.443703651,78.45080566,-0.888248801,-0.070346095,-1.448756576,0.015454824,1032.947998,0.066875905,0.131411329,3.932329893,4.118448257,0,0
1556,3.34230566,78.45080566,3.658340216,-0.057822358,-1.736536026,-0.001332312,1032.942993,0.107605048,0.174137384,4.612879753,4.8048563,0,0
1566,2.777273893,78.45080566,-1.158793569,-0.03437366,-1.983013868,0.024514547,1032.942993,0.107605048,0.223668784,5.293401241,5.491264343,0,0
1576,-5.279214859,78.45080566,-2.664746523,0.007993874,-2.41308403,0.073810108,1032.942993,0.107605048,0.280004978,5.973838806,6.177672386,0,0
1586,-3.002328873,78.45080566,0.926556051,0.033041347,-2.933751822,0.074343033,1032.942993,0.107605048,0.310666323,6.577785969,6.864080429,0,0
1596,-0.466869324,78.45080566,4.211400986,-0.000266462,-2.9158988,0.018918836,1032.93457,0.176492974,0.379829735,7.254892826,7.550488472,0,0
1606,6.80192709,78.45080566,-0.914585054,-0.031442571,-2.568431854,-0.037837673,1032.93457,0.176492974,0.455764323,7.932027817,8.236896515,0,0
1616,6.612784863,78.45080566,-4.108449936,0.038637057,-1.775173068,-0.032241959,1032.93457,0.176492974,0.538470209,8.609150887,8.923304558,0,0
1626,12.81376743,78.45080566,-1.465251446,0.074609496,-1.211871266,0.025580399,1032.922607,0.274043083,0.576761186,9.145651817,9.609712601,0,0
1636,4.960785866,78.45080566,-5.820304394,0.038370594,-1.358425736,0.059421133,1032.922607,0.274043083,0.671567738,9.815659523,10.29612064,0,0
1646,-1.651999116,78.45080566,2.260126352,-0.121240422,-1.965427279,-0.06981317,1032.922607,0.274043083,0.773075044,10.48580742,10.98252869,0,0
1656,-3.021482468,78.45080566,6.639121532,0.057289433,-0.466309339,-0.015188362,1032.922607,0.274043083,0.881283581,11.15589905,11.66893673,0,0
1666,-22.34268951,78.45080566,12.22958183,0.198248088,0.294707507,0.088465542,1032.904053,0.425901234,0.907437682,11.53208637,12.35534477,0,0
1676,2.33913517,78.45080566,0.16759412,0.169203669,0.67734766,0.106052071,1032.904053,0.425901234,1.026017666,12.18392658,13.04175282,0,0
1686,-6.639121532,78.45080566,8.008605003,0.069280244,0.874263406,0.02904441,1032.904053,0.425901234,1.151115179,12.8355732,13.72816086,0,0
1696,2.784456491,78.45080566,-10.01973438,0.044232771,0.98271364,0.031709034,1032.904053,0.425901234,1.282728314,13.48704624,14.4145689,0,0
1706,2.516305923,78.45080566,-7.745242596,0.078073502,1.066649318,0.052759573,1032.88208,0.604915679,1.279368639,13.55366993,15.10097694,0,0
1716,-2.597708941,78.45080566,5.959167957,0.081004597,1.089298606,0.088998467,1032.88208,0.604915679,1.417948008,14.16219902,15.78738499,0,0
1726,3.804386616,78.45080566,1.039083481,0.06981317,1.07517612,0.134297088,1032.88208,0.604915679,1.562609553,14.77010822,16.47379303,0,0
1736,-0.442927301,78.45080566,-1.738190413,0.070079632,1.083702922,0.179595709,1032.88208,0.604915679,1.713346362,15.37725735,17.16020203,0,0
1746,0.550666392,78.45080566,0.665588081,0.076474734,1.099424243,0.227292493,1032.851685,0.853328526,1.664826393,14.90534115,17.84661102,0,0
1756,4.338293552,78.45080566,2.018311977,0.088732004,1.124738097,0.276854515,1032.851685,0.853328526,1.816465497,15.42247581,18.53302002,0,0
1766,1.431732655,78.45080566,2.142810583,0.104719758,1.158045888,0.323218971,1032.851685,0.853328526,1.973266959,15.93780804,19.21942902,0,0
1776,1.146822572,78.45080566,6.818686485,0.111114852,1.17803061,0.368251175,1032.817871,1.129405499,2.135211706,16.45112038,19.90583801,0,0
1786,2.882618904,78.45080566,8.111555099,0.116977029,1.188156128,0.411151588,1032.817871,1.129405499,2.01465416,15.08959103,20.59224701,0,0
1796,0.85473001,78.45080566,2.003946781,0.124437973,1.211871266,0.457249612,1032.817871,1.129405499,2.167317867,15.4431448,21.27865601,0,0
1806,0.663193882,78.45080566,1.015141487,0.130033687,1.239050508,0.503347635,1032.817871,1.129405499,2.32349968,15.79321671,21.965065,0,0
1816,0.287304193,78.45080566,1.750161409,0.145488501,1.283549786,0.544649303,1032.773926,1.488467455,2.483163595,16.13952827,22.651474,0,0
1826,1.307234168,78.45080566,4.486733913,0.150018379,1.30779779,0.576624751,1032.773926,1.488467455,2.296156645,13.83998203,23.337883,0,0
1836,0.40940848,78.45080566,2.841917515,0.156679943,1.335243464,0.602471709,1032.773926,1.488467455,2.435252666,13.97920609,24.02429199,0,0
1846,0.217872351,78.45080566,-1.55862534,0.162542105,1.368551373,0.625653923,1032.773926,1.488467455,2.575716257,14.11355209,24.71070099,0,0
1856,0.773327172,78.45080566,3.849876404,0.17453292,1.414382815,0.638710558,1032.723267,1.902359605,2.717498541,14.24291611,25.39710999,0,0
1866,0.653617084,78.45080566,7.462726593,0.180928022,1.461546659,0.64617151,1032.723267,1.902359605,2.513468027,11.57790279,26.08351898,0,0
1876,0.823605359,78.45080566,1.175553083,0.188655436,1.515638471,0.649369061,1032.723267,1.902359605,2.628953457,11.51921654,26.76992798,0,0
1886,0.20350714,78.45080566,3.701435804,0.187856048,1.570529819,0.645372152,1032.723267,1.902359605,2.743826389,11.45538521,27.45633698,0,0
1896,-0.342370838,78.45080566,5.116408825,0.18492496,1.632615566,0.638444126,1032.665771,2.372094154,2.858035803,11.38646698,28.14274597,0,0
1906,-0.263362199,78.45080566,6.145915985,0.176931083,1.689638495,0.628851414,1032.665771,2.372094154,2.726360083,9.345074654,28.82915497,0,0
1916,0.59615624,78.45080566,4.481945515,0.176931083,1.746928096,0.613396645,1032.665771,2.372094154,2.818889856,9.160852432,29.51556396,0,0
1926,0.466869324,78.45080566,10.42435455,0.180661559,1.806615591,0.595810115,1032.596436,2.938419104,2.909553766,8.971945763,30.20197296,0,0
1936,-2.82276392,78.45080566,-5.702988625,0.188388973,1.871099591,0.570762634,1032.596436,2.938419104,2.998306274,8.778548241,30.88838196,0,0
1946,-1.194706678,78.45080566,-4.587290287,0.2051761,1.941179156,0.537454844,1032.596436,2.938419104,3.021213055,8.084944725,31.57479095,0,0
1956,-0.859518409,78.45080566,4.086902142,0.206508413,1.998468518,0.502281785,1032.596436,2.938419104,3.100939274,7.860317707,32.26119995,0,0
1966,1.458068848,78.45080566,7.419631004,0.203044415,2.058422804,0.469240427,1032.518799,3.572679281,3.178400755,7.631979942,32.94760895,0,0
1976,0.387860686,78.45080566,2.607285738,0.20624195,2.127436399,0.423675328,1032.518799,3.572679281,3.253561974,7.400263309,33.63401794,0,0
1986,0.952892303,78.45080566,5.906495571,0.21450229,2.208174467,0.377310872,1032.518799,3.572679281,3.436005831,7.98020649,34.32042694,0,0
1996,-2.08295536,78.45080566,1.132457376,0.208373666,2.277721167,0.322153151,1032.518799,3.572679281,3.514788866,7.776421547,35.00683594,0,0
2006,-1.407790542,78.45080566,-2.554613113,0.202777937,2.3446033,0.279519141,1032.430786,4.291487217,3.591522455,7.570272923,35.69324493,0,0
2016,-1.513135433,78.45080566,-0.421379507,0.202245027,2.410952568,0.231822357,1032.430786,4.291487217,3.666184187,7.362097263,36.37965393,0,0
2026,-1.740584612,78.45080566,0.972045898,0.205442563,2.484229565,0.184125587,1032.430786,4.291487217,3.983979225,8.890114784,37.06606293,0,0
2036,-1.118092179,78.45080566,-3.885789394,0.212637067,2.567898989,0.138560489,1032.430786,4.291487217,4.072141171,8.742314339,37.75247192,0,0
2046,-1.383848548,78.45080566,-1.388636947,0.215301678,2.665690422,0.087666154,1032.337036,5.057632923,4.158820152,8.593482971,38.43888092,0,0
2056,-1.304839969,78.45080566,2.667140722,0.216367543,2.754156113,0.04103522,1032.337036,5.057632923,4.244007111,8.443938255,39.12528992,0,0
2066,-1.259350061,78.45080566,1.869871497,0.217433393,2.84741807,-0.009326187,1032.337036,5.057632923,4.645717621,10.4276638,39.81169891,0,0
2076,-0.651222885,78.45080566,5.207388878,0.207307816,2.938015223,-0.058888208,1032.232178,5.914394379,4.749575615,10.34391212,40.49810791,0,0
2086,-0.414196908,78.45080566,-0.280121595,0.19478406,3.026214361,-0.104453288,1032.232178,5.914394379,4.852597237,10.26034737,41.18451691,0,0
2096,-0.926556051,78.45080566,0.924161851,0.193718225,3.128802538,-0.149218991,1032.232178,5.914394379,4.954785347,10.17725182,41.8709259,0,0
2106,-0.871489406,78.45080566,-2.118868589,0.193718225,3.230857611,-0.188655436,1032.232178,5.914394379,5.419281483,12.37115669,42.5573349,0,0
2116,-0.505176544,78.45080566,0.711077929,0.193451747,3.338508368,-0.224361405,1032.11731,6.85324049,5.542863846,12.34528637,43.2437439,0,0
2126,-0.900219858,78.45080566,1.165976286,0.188921899,3.448823929,-0.255803972,1032.11731,6.85324049,5.666192055,12.32035255,43.93015289,0,0
2136,-0.675164878,78.45080566,-0.126892686,0.183059722,3.555142403,-0.277920365,1032.11731,6.85324049,5.7892766,12.29647923,44.61656189,0,0
2146,0.550666392,78.45080566,2.264914751,0.182793275,3.670253992,-0.294707507,1032.11731,6.85324049,6.294688225,14.4712286,45.30297089,0,0
2156,-0.280121595,78.45080566,0.138863698,0.1854579,3.795758009,-0.303500772,1031.986206,7.924513817,6.43947506,14.48610783,45.98937988,0,0
2166,-0.031124622,78.45080566,0.689530075,0.177730486,3.923926592,-0.302434921,1031.986206,7.924513817,6.584414959,14.50188255,46.67578888,0,0
2176,0.486022949,78.45080566,2.219424963,0.170269519,4.058756351,-0.292842269,1031.986206,7.924513817,6.729516983,14.51850891,47.36219788,0,0
2186,1.37666595,78.45080566,7.393294811,0.156946406,4.196784019,-0.27632159,1031.986206,7.924513817,7.279937744,16.61810112,48.04860687,0,0
2196,1.175553083,78.45080566,7.848193169,0.135362938,4.334278584,-0.250474721,1031.849365,9.043204308,7.446289063,16.65216827,48.73501587,0,0
2206,0.339976639,78.45080566,2.614468336,0.116444103,4.469108582,-0.232355282,1031.849365,9.043204308,7.61298275,16.68660355,49.42142487,0,0
2216,2.049436569,78.45080566,2.348711967,0.095926493,4.609268188,-0.212370604,1031.849365,9.043204308,7.780022621,16.72136688,50.10783386,0,0
2226,1.956062794,78.45080566,2.372653961,0.07194487,4.750759602,-0.17559877,1031.700684,10.25865078,8.783642769,20.50074387,50.79424286,0,0
2236,1.18752408,78.45080566,1.845929503,0.047963247,4.902909279,-0.131898925,1031.700684,10.25865078,8.988714218,20.51352882,51.48065186,0,0
2246,1.651999116,78.45080566,1.362300754,0.014921899,5.062787056,-0.081537522,1031.700684,10.25865078,9.193912506,20.52614975,52.16706085,0,0
2256,2.248155355,78.45080566,0.033518825,-0.020784073,5.219200611,-0.031176111,1031.700684,10.25865078,9.399235725,20.5386219,52.85346985,0,0
2266,2.195482969,78.45080566,1.52510643,-0.060486984,5.380676746,0.018119449,1031.541748,11.55780125,10.25662327,22.95729065,53.53987885,0,0
2276,2.166752577,78.45080566,2.7533319,-0.103120975,5.544817924,0.064750381,1031.541748,11.55780125,10.48600101,22.91809654,54.22628784,0,0
2286,2.094926596,78.45080566,2.152387381,-0.147886679,5.711889744,0.108450226,1031.541748,11.55780125,10.71498775,22.87914467,54.91269684,0,0
2296,1.920149803,78.45080566,2.006340981,-0.187589586,5.883225441,0.152683005,1031.541748,11.55780125,10.94358635,22.84056091,55.59910583,0,0
2306,1.788468719,78.45080566,1.134851575,-0.23635222,6.052428722,0.186523736,1031.375244,12.91903782,11.70224953,24.41622162,56.28551483,0,0
2316,0.821211159,75.20906067,2.219424963,-0.28564778,6.220833302,0.220630929,1031.375244,12.91903782,11.94600868,24.3354702,56.93950653,0,0
2326,1.161187768,75.54424286,2.391807556,-0.328548223,6.382042885,0.247010723,1031.375244,12.91903782,12.1889658,24.25593376,57.59684753,0,0
2336,1.110909581,76.26490021,0.169988319,-0.369316995,6.529396534,0.263264924,1031.375244,12.91903782,12.43113518,24.17789459,58.26139832,0,0
2346,1.515529633,75.60410309,1.304839969,-0.400493115,6.666091919,0.265396625,1031.19104,14.42546463,13.15790939,25.48335457,58.91933823,0,0
2356,0.926556051,76.03505707,-0.18435353,-0.417013764,6.804918766,0.261932611,1031.19104,14.42546463,13.41229343,25.39361191,59.58158875,0,0
2366,0.9672575,74.24898529,0.469263524,-0.423675328,6.939748764,0.261133224,1031.19104,14.42546463,13.6657877,25.30532837,60.22597885,0,0
2376,1.55862534,73.4469223,0.169988319,-0.421543658,7.067650795,0.260333836,1030.994873,16.02980804,13.91840744,25.21855545,60.86234665,0,0
2386,1.405396342,72.81725311,0.119710088,-0.4103522,7.195552826,0.257402748,1030.994873,16.02980804,14.65637302,26.77887344,61.4924202,0,0
2396,1.680729628,71.89548492,-0.237025961,-0.395163864,7.321856022,0.26592955,1030.994873,16.02980804,14.9238863,26.72365761,62.11327362,0,0
2406,1.094150186,71.81887054,-0.93134445,-0.374646246,7.45162344,0.274722815,1030.994873,16.02980804,15.19085312,26.66969299,62.73336411,0,0
2416,1.316810966,71.10060883,-0.562637389,-0.35945788,7.570998192,0.281384379,1030.790527,17.70138741,15.45728397,26.61648178,63.34627151,0,0
2426,1.695094824,70.85400391,-0.957680702,-0.339206725,7.687442303,0.290977001,1030.790527,17.70138741,16.24659729,28.97078323,63.95671082,0,0
2436,1.221042871,70.54994202,-1.814804912,-0.312294006,7.810015678,0.300569683,1030.790527,17.70138741,16.53644753,28.99929237,64.5641098,0,0
2446,1.091755986,69.73352051,-2.477998734,-0.290444106,7.92299509,0.313359886,1030.790527,17.70138741,16.82657814,29.02682495,65.16334534,0,0
2456,2.135627985,70.13574219,-1.656787634,-0.268594176,8.030646324,0.329614073,1030.572388,19.48607826,17.11698914,29.05547714,65.76660156,0,0
2466,2.097320795,69.43184662,-1.072602391,-0.245411947,8.141760826,0.351996928,1030.572388,19.48607826,18.00552559,32.56507492,66.36282349,0,0
2476,1.304839969,69.40312195,-1.192312479,-0.219032168,8.260070801,0.380774885,1030.572388,19.48607826,18.33186913,32.70360565,66.95875549,0,0
2486,0.979228497,69.07511139,-1.316810966,-0.192652375,8.383975983,0.410885125,1030.572388,21.36731148,18.65958786,32.84020996,67.55140686,0,0
2496,1.630451322,74.45488739,-2.552218914,-0.170003071,8.504150391,0.430869848,1030.342529,21.36731148,18.98875999,32.99436569,68.19785309,0,0
2506,1.314416766,67.78463745,-1.316810966,-0.177197546,8.611268044,0.438597232,1030.342529,21.36731148,19.97557449,37.28665161,68.77760315,0,0
2516,0.193930343,65.38085938,-1.048660398,-0.172134757,8.726113319,0.447656959,1030.342529,21.36731148,20.34945107,37.4889946,69.33331299,0,0
2526,1.41018486,65.75675201,-1.936909199,-0.163874418,8.731176376,0.442061275,1030.102539,23.33153152,20.72535133,37.69129944,69.89278412,0,0
2536,0.746990919,65.99137878,-3.337517262,-0.160943344,8.731176376,0.441794783,1030.102539,23.33153152,21.10327148,37.89287186,70.45459747,0,0
2546,0.430956304,64.81822205,-1.683123827,-0.156147003,8.731176376,0.448456347,1030.102539,23.33153152,22.12170601,41.93054581,71.00467682,0,0
2556,0.572214186,67.14778137,1.501164436,-0.142557427,8.731176376,0.456183791,1030.102539,23.33153152,22.54214859,42.1577301,71.57805634,0,0
2566,0.428562105,64.46627808,-1.651999116,-0.135362938,8.731176376,0.466309339,1029.852295,25.37979698,22.96478271,42.36910248,72.12461853,0,0
2576,1.113303781,64.04728699,-2.56658411,-0.126303226,8.731176376,0.472171485,1029.852295,25.37979698,23.38950729,42.57582092,72.66699219,0,0
2586,1.051054597,63.65224457,-1.647210717,-0.119375192,8.731176376,0.478566617,1029.852295,25.37979698,24.366745,45.67822266,73.20541382,0,0
2596,0.067037649,62.96032333,-0.407014281,-0.107384384,8.731176376,0.478833079,1029.852295,25.37979698,24.82442665,45.85836411,73.73691559,0,0
2606,1.862688899,63.80068588,-1.288080573,-0.095393561,8.731176376,0.473770291,1029.592041,27.51063919,25.28391647,46.03940582,74.27682495,0,0
2616,1.788468719,64.34656525,-2.382230759,-0.090597242,8.731176376,0.467108727,1029.592041,27.51063919,25.74521255,46.21999741,74.82218933,0,0
2626,0.895431459,64.11432648,-2.387019157,-0.087666154,8.731176376,0.461513042,1029.592041,27.51063919,26.65323067,48.36880112,75.36523438,0,0
2636,0.502782345,63.62830353,-1.465251446,-0.083402753,8.731176376,0.4623124,1029.592041,29.72613144,27.13763809,48.51259232,75.90341949,0,0
2646,1.723825216,62.52696991,-1.984793186,-0.087399691,8.731176376,0.454851478,1029.321533,29.72613144,27.62344742,48.64931488,76.43058777,0,0
2656,1.039083481,62.82385254,-0.952892303,-0.094594181,8.731176376,0.442061275,1029.321533,29.72613144,28.11061668,48.78443909,76.96072388,0,0
2666,0.397437483,60.62358093,-1.654393315,-0.097525269,8.731176376,0.420477778,1029.321533,29.72613144,28.96051407,50.23524475,77.46885681,0,0
2676,-0.114921682,59.20381927,-3.043030262,-0.100722812,8.731176376,0.38956812,1029.042847,32.00867081,29.46332359,50.32668686,77.96279144,0,0
2686,0.174776718,57.84391403,-2.106897593,-0.106318533,8.731176376,0.358924955,1029.042847,32.00867081,29.96701622,50.41159439,78.44313049,0,0
2696,0.478840351,56.36429596,-0.620098233,-0.113513015,8.731176376,0.331479341,1029.042847,32.00867081,30.47152328,50.48981094,78.90867615,0,0
2706,0.308852017,54.80088425,-0.158017308,-0.119908117,8.731176376,0.306964755,1029.042847,32.00867081,31.28154182,51.48892212,79.35858154,0,0
2716,0.871489406,53.25901794,-1.704671621,-0.129500762,8.731176376,0.276588053,1028.753784,34.37696838,31.79665947,51.5345459,79.79306793,0,0
2726,-0.196324542,51.7530632,-2.133233786,-0.144156188,8.731176376,0.253672272,1028.753784,34.37696838,32.31220627,51.57461166,80.21250153,0,0
2736,1.59693253,51.5663147,-1.889025092,-0.150817752,8.731176376,0.241148531,1028.753784,34.37696838,32.82814407,51.61283493,80.63006592,0,0
2746,2.126051188,47.60151672,0.325611442,-0.156147003,8.731176376,0.232088804,1028.753784,34.37696838,33.62280273,52.34967041,81.00798035,0,0
2756,2.023100376,45.06845093,-1.039083481,-0.172667682,8.731176376,0.231289431,1028.45459,36.82906342,34.14632034,52.35377121,81.36056519,0,0
2766,2.049436569,44.98944473,-2.274491549,-0.186257273,8.731176376,0.243546709,1028.45459,36.82906342,34.66987228,52.35654449,81.71235657,0,0
2776,2.080561161,42.17147064,-3.347094059,-0.200113311,8.731176376,0.267528325,1028.45459,36.82906342,35.1934166,52.35163879,82.0359726,0,0
2786,1.55862534,43.18661118,-1.165976286,-0.218499228,8.731176376,0.281917304,1028.45459,39.37814331,36.61639023,54.31324768,82.36973572,0,0
2796,1.601720929,41.36462402,-0.16759412,-0.241681471,8.731176376,0.286980093,1028.143555,39.37814331,37.15929031,54.26699829,82.68527985,0,0
2806,5.509057999,54.0802269,-0.411802679,-0.243013784,8.731176376,0.293108732,1028.143555,39.37814331,37.70180511,54.23600006,83.12798309,0,0
2816,2.217030764,31.82851791,-2.126051188,-0.292575806,8.731176376,0.305099547,1028.143555,39.37814331,38.24386215,54.17581177,83.34816742,0,0
2826,2.272097349,24.61239433,-0.629675031,-0.333877474,8.731176376,0.300569683,1027.825806,41.98337936,39.50294495,55.49068451,83.49619293,0,0
2836,2.662352324,23.69780922,-1.460463047,-0.364254236,8.731176376,0.293908119,1027.825806,41.98337936,40.05743027,55.40677643,83.6350708,0,0
2846,2.592920542,22.8813858,-2.774879694,-0.388768762,8.731176376,0.289111793,1027.825806,41.98337936,40.61107635,55.32193375,83.76578522,0,0
2856,2.552218914,23.75287437,-0.969651699,-0.401026011,8.731176376,0.293641627,1027.825806,41.98337936,41.16387177,55.23720169,83.9052124,0,0
2866,1.960851192,23.69780922,-4.364629745,-0.418346077,8.731176376,0.302967817,1027.502197,44.63723755,42.31923294,56.22929764,84.04409027,0,0
2876,3.177105665,33.45418167,-4.517858505,-0.432735085,8.731176376,0.305366009,1027.502197,44.63723755,42.88107681,56.13923645,84.28053284,0,0
2886,4.635174274,23.34586143,-7.02937603,-0.457249612,8.731176376,0.340539038,1027.502197,44.63723755,43.44200516,56.04632187,84.41589355,0,0
2896,3.394978046,19.11770058,-3.016694069,-0.458581924,8.731176376,0.374113321,1027.502197,44.63723755,44.0019989,55.95214844,84.50897217,0,0
2906,3.177105665,17.86074448,-4.563348293,-0.466309339,8.731176376,0.393831551,1027.167603,47.38219452,45.1019516,56.76755524,84.58947754,0,0
2916,2.480392933,17.44654846,-2.23139596,-0.495886683,8.731176376,0.414082706,1027.167603,47.38219452,45.66913986,56.67000198,84.66584015,0,0
2926,3.593696833,17.2837429,-0.849941611,-0.534523726,8.731176376,0.431402773,1027.167603,47.38219452,46.23535156,56.57233047,84.7405777,0,0
2936,3.45722723,18.25818253,-2.092532396,-0.563834608,8.731176376,0.436732024,1027.167603,50.2117424,46.8005867,56.47457123,84.82505798,0,0
2946,3.397372246,17.1760025,-2.901772499,-0.59634304,8.731176376,0.44046247,1026.822754,50.2117424,47.87581635,57.20087433,84.89871979,0,0
2956,3.691859007,17.72906303,-4.168305397,-0.609133244,8.731176376,0.451653898,1026.822754,50.2117424,48.44733047,57.10175323,84.9779129,0,0
2966,3.684676409,17.41781807,-1.039083481,-0.620857537,8.731176376,0.461779475,1026.822754,50.2117424,49.01785278,57.00267029,85.05399323,0,0
2976,3.19625926,16.47450256,-5.193023682,-0.640842259,8.731176376,0.479366004,1026.471191,53.0971489,49.58738327,56.90367508,85.12063599,0,0
2986,2.894589901,15.63653088,-4.115632534,-0.652300179,8.731176376,0.478033692,1026.471191,53.0971489,50.65377426,57.58018112,85.17890167,0,0
2996,3.655946016,15.23909378,-5.145139217,-0.649102569,8.731176376,0.482563555,1026.471191,53.0971489,51.2290802,57.48106766,85.23319244,0,0
3006,4.151545525,13.70919895,-4.75249052,-0.644839168,8.731176376,0.490557432,1026.471191,53.0971489,51.80339432,57.38218689,85.27218628,0,0
3016,3.265691042,13.10107136,-1.429338455,-0.638977051,8.731176376,0.501482368,1026.107056,56.08648682,52.37672424,57.28347015,85.30509949,0,0
3026,4.118026733,12.52646351,-3.315969467,-0.630183756,8.731176376,0.519868255,1026.107056,56.08648682,53.45301819,57.94549561,85.33226776,0,0
3036,3.617638826,11.0133276,-3.634398222,-0.626719773,8.731176376,0.536122501,1026.107056,56.08648682,54.03198242,57.84716034,85.34429932,0,0
3046,4.355052948,11.77229023,-4.321534157,-0.621390522,8.731176376,0.564900458,1026.107056,56.08648682,54.60996246,57.74900436,85.36392212,0,0
3056,3.991134167,10.08677197,-2.293645144,-0.636045933,8.731176376,0.588615596,1025.742065,59.08376312,55.18696594,57.65103531,85.36669159,0,0
3066,3.912125587,9.83777523,-2.487575531,-0.653099477,8.731176376,0.603004575,1025.742065,59.08376312,56.2717247,58.2976532,85.36696625,0,0
3076,4.043806553,9.409213066,-4.438849926,-0.669620216,8.731176376,0.616860628,1025.742065,59.08376312,56.85421371,58.20009613,85.36296082,0,0
3086,4.173093796,9.933543205,-4.05338335,-0.678147018,8.731176376,0.61712712,1025.742065,62.13805008,57.43572617,58.10280991,85.36419678,0,0
3096,3.799597979,7.87931776,-5.188235283,-0.681877494,8.731176376,0.619791746,1025.370239,62.13805008,58.01626587,58.00549316,85.34488678,0,0
3106,3.876212597,9.473855972,-4.122815132,-0.670153141,8.731176376,0.615794837,1025.370239,62.13805008,59.11547089,58.64533615,85.34152222,0,0
3116,3.739742994,7.733271599,-6.438008308,-0.644306302,8.731176376,0.623522162,1025.370239,62.13805008,59.7014389,58.5483551,85.320755,0,0
3126,2.834734917,6.617573261,-3.837905407,-0.618992329,8.731176376,0.63471365,1024.995972,65.21347809,60.28643799,58.45132065,85.28883362,0,0
3136,3.447650433,7.960720539,-3.986345768,-0.59314549,8.731176376,0.643506885,1024.995972,65.21347809,60.87047195,58.35482025,85.27033997,0,0
3146,6.689399719,8.283937454,-1.359906554,-0.555307806,8.731176376,0.654964805,1024.995972,65.21347809,61.98335648,58.98574066,85.25508118,0,0
3156,3.296815634,5.075707436,-4.412513733,-0.535856009,8.731176376,0.681344509,1024.995972,65.21347809,62.57273102,58.88861465,85.20774078,0,0
3166,2.825158119,2.018311977,-6.538564682,-0.537188351,8.731176376,0.706125557,1024.606445,68.41532898,63.16112518,58.79046249,85.12982178,0,0
3176,3.126827478,2.264914751,-7.065289021,-0.549712121,8.731176376,0.734637022,1024.606445,68.41532898,63.74853897,58.69240952,85.05437469,0,0
3186,3.23456645,1.656787634,-4.560954094,-0.556906581,8.731176376,0.755687594,1024.606445,68.41532898,64.8886261,59.32966995,84.97283936,0,0
3196,2.904166698,2.420537949,-5.181052685,-0.568630934,8.731176376,0.765813112,1024.606445,68.41532898,65.48143768,59.23164749,84.89894104,0,0
3206,1.424550056,1.319205165,-7.924807549,-0.578490078,8.731176376,0.767944872,1024.221924,71.57665253,66.07325745,59.13303757,84.81403351,0,0
3216,1.640028119,1.307234168,-5.023035049,-0.592346072,8.731176376,0.765546679,1024.221924,71.57665253,66.66409302,59.03436661,84.72900391,0,0
3226,2.746149302,2.003946781,-6.303933144,-0.591280222,8.731176376,0.752223551,1024.221924,71.57665253,67.81993103,59.66490936,84.65093994,0,0
3236,1.582567334,2.109291792,-4.809951305,-0.581954002,8.731176376,0.733571172,1024.221924,74.77337646,68.41609192,59.56664276,84.57393646,0,0
3246,1.563413739,1.544260144,-4.812345505,-0.562768757,8.731176376,0.714385927,1023.833252,74.77337646,69.01126099,59.46797562,84.4912796,0,0
3256,2.949656487,2.726995707,-3.404554844,-0.540918827,8.731176376,0.699730456,1023.833252,74.77337646,69.60545349,59.37013626,84.4204483,0,0
3267,1.539471745,2.121262789,-7.773972988,-0.506811619,8.731176376,0.690937221,1023.833252,74.77337646,70.77770996,59.99505997,84.34355927,0,0
3276,1.453280449,2.63601613,-5.456385612,-0.470039815,8.731176376,0.682943344,1023.436951,78.03390503,71.37717438,59.89706421,84.27182007,0,0
3286,3.162740469,1.987187386,-4.237737179,-0.434067398,8.731176376,0.68667376,1023.436951,78.03390503,71.97564697,59.79856873,84.19358826,0,0
3296,3.19865346,2.856282711,-7.738059998,-0.400759578,8.731176376,0.696532905,1023.436951,78.03390503,72.57314301,59.70077515,84.12405396,0,0
3306,1.728613615,2.954444885,-6.50983429,-0.382906556,8.731176376,0.710655391,1023.436951,78.03390503,73.76579285,60.32562256,84.05549622,0,0
3316,2.731784105,1.680729628,-5.425261021,-0.379975498,8.731176376,0.727975488,1023.043213,81.27416992,74.36855316,60.22677231,83.97420502,0,0
3326,1.314416766,1.568202138,-6.035782337,-0.390634,8.731176376,0.7468943,1023.043213,81.27416992,74.97032166,60.12777328,83.89178467,0,0
3336,1.106121182,2.815581083,-3.842693806,-0.416747332,8.731176376,0.749292493,1023.043213,81.27416992,75.57111359,60.02985764,83.82183838,0,0
3346,2.054224968,0.469263524,-5.614402771,-0.438597232,8.731176376,0.744762659,1023.043213,81.27416992,76.7773056,60.64413071,83.7284317,0,0
3356,1.211466074,-0.10295067,-5.310339451,-0.455650836,8.731176376,0.737301648,1022.646118,84.54281616,77.38323975,60.54361343,83.62930298,0,0
3366,1.8602947,3.813963413,-3.746925592,-0.464177608,8.731176376,0.721846879,1022.646118,84.54281616,77.9881897,60.44648361,83.56934357,0,0
3376,1.879448295,-0.447715729,-6.038176537,-0.475901991,8.731176376,0.696532905,1022.646118,84.54281616,78.59214783,60.34531021,83.46676636,0,0
3386,1.790862918,-1.690306425,-4.46279192,-0.478566617,8.731176376,0.67628181,1022.646118,87.82720184,80.19095612,61.38666916,83.35176086,0,0
3396,0.995987892,-1.778891921,-4.8291049,-0.477767229,8.731176376,0.654698312,1022.247314,87.82720184,80.80432129,61.28526306,83.23587036,0,0
3406,1.043871999,-3.280056238,-5.193023682,-0.463911176,8.731176376,0.626986206,1022.247314,87.82720184,81.41666412,61.18249893,83.10497284,0,0
3416,1.618480325,-4.158728123,-5.109226227,-0.453252673,8.731176376,0.599807084,1022.247314,87.82720184,82.02796936,61.07873535,82.96528625,0,0
3426,0.639251828,-4.453215122,-5.738901615,-0.434067398,8.731176376,0.553442538,1021.843445,91.15370941,83.59359741,62.05351639,82.82265472,0,0
3436,0.603338838,-3.375824451,-3.275267839,-0.405822366,8.731176376,0.494554371,1021.843445,91.15370941,84.21363068,61.9524231,82.6907959,0,0
3446,0.272938997,-4.376600742,-4.438849926,-0.385304749,8.731176376,0.444192976,1021.843445,91.15370941,84.8326416,61.85062408,82.54892731,0,0
3456,3.416525841,-4.843470097,-3.579331636,-0.365852982,8.731176376,0.379709035,1021.843445,91.15370941,85.45063782,61.74837494,82.40238953,0,0
3466,0.92895025,-5.477933407,-2.901772499,-0.330679953,8.731176376,0.335209787,1021.439636,94.48127747,86.9874115,62.67430496,82.24951172,0,0
3476,3.56736064,-5.61679697,-5.171475887,-0.29923737,8.731176376,0.316290945,1021.439636,94.48127747,87.61365509,62.57530594,82.09524536,0,0
3486,2.298433542,-5.880159378,-3.866635799,-0.288312376,8.731176376,0.325350702,1021.439636,94.48127747,88.23891449,62.47609329,81.93834686,0,0
3496,2.633621931,-6.265625954,-2.719813108,-0.300303191,8.731176376,0.341604888,1021.439636,94.48127747,88.86318207,62.37662506,81.77758789,0,0
3506,2.592920542,-6.457161903,-2.303221941,-0.324551284,8.731176376,0.363721281,1021.035767,97.8104248,90.37527466,63.26996613,81.61491394,0,0
3516,2.837129116,-6.68700552,-2.240972757,-0.361056656,8.731176376,0.386104137,1021.035767,97.8104248,91.00749969,63.17502213,81.44994354,0,0
3526,2.703053713,-6.512228489,-2.612074137,-0.406621754,8.731176376,0.401825428,1021.035767,97.8104248,91.63877869,63.07978821,81.28672028,0,0
3536,1.996764183,-6.459556103,-1.417367458,-0.460447162,8.731176376,0.405555874,1021.035767,101.1690674,92.26909637,62.98430252,81.12402344,0,0
3546,2.458845139,-6.576871872,-1.817199111,-0.518269539,8.731176376,0.396496177,1020.628418,101.1690674,93.76339722,63.86113358,80.96015167,0,0
3556,2.240972757,-6.603208065,-2.343923569,-0.571562052,8.731176376,0.376244992,1020.628418,101.1690674,94.40155792,63.77074814,80.79602051,0,0
3566,2.018311977,-6.622362137,-2.698265314,-0.620591104,8.731176376,0.349598765,1020.628418,101.1690674,95.03881836,63.68022537,80.63169861,0,0
3576,2.480392933,-6.677428722,-2.695871115,-0.654698312,8.731176376,0.31575802,1020.221252,104.5272675,95.6751709,63.5896225,80.46682739,0,0
3586,2.659958124,-6.598419666,-2.45405674,-0.669087231,8.731176376,0.279252678,1020.221252,104.5272675,97.15465546,64.45932007,80.302742,0,0
3596,2.202665567,-5.614402771,-3.438073635,-0.669886649,8.731176376,0.248076573,1020.221252,104.5272675,97.7988205,64.37310791,80.14849854,0,0
3606,3.588908434,-5.695806026,-3.914519787,-0.662692189,8.731176376,0.223562017,1020.221252,104.5272675,98.44212341,64.28701019,79.99343872,0,0
3616,3.521870613,-6.083666325,-2.219424963,-0.649102569,8.731176376,0.207574263,1019.815796,107.8723373,99.08456421,64.20141602,79.83450317,0,0
3626,3.883395195,-5.544970989,-3.306392431,-0.621124089,8.731176376,0.209173039,1019.815796,107.8723373,100.5504456,65.06570435,79.68095398,0,0
3636,3.725377798,-6.227318764,-3.878606796,-0.597408891,8.731176376,0.220630929,1019.815796,107.8723373,101.2007065,64.98591614,79.52058411,0,0
3646,3.885789394,-5.023035049,-3.550601006,-0.583019912,8.731176376,0.24461256,1019.815796,107.8723373,101.8501511,64.90403748,79.37225342,0,0
3656,4.529829502,-6.217741966,-2.741360903,-0.57555896,8.731176376,0.274989277,1019.408508,111.2337265,102.4987946,64.82429504,79.2119751,0,0
3666,3.895366192,-5.966350555,-2.971204281,-0.575026035,8.731176376,0.312027574,1019.408508,111.2337265,103.9548721,65.68896484,79.05421448,0,0
3676,4.223371983,-5.808333397,-3.035847664,-0.585151613,8.731176376,0.35013172,1019.408508,111.2337265,104.6113815,65.61334991,78.89803314,0,0
3686,3.8642416,-5.750872612,-2.545036316,-0.60460335,8.731176376,0.382373661,1019.408508,114.6089096,105.2671356,65.53762817,78.74242401,0,0
3696,3.830722809,-5.772420406,-3.062183857,-0.628052056,8.731176376,0.407154679,1018.995483,114.6439896,105.9221268,65.46195221,78.58660126,0,0
3706,3.548206806,-5.844246387,-2.724601507,-0.657895863,8.731176376,0.422343016,1018.995483,114.6439896,107.3745193,66.32894897,78.43006134,0,0
3716,3.699041605,-6.074089527,-2.233790159,-0.689604938,8.731176376,0.433267981,1018.995483,114.6439896,108.0374527,66.25789642,78.27121735,0,0
3726,3.325546265,-5.87297678,-2.710236311,-0.724511504,8.731176376,0.432735085,1018.586548,118.0213013,108.6996765,66.18643951,78.11438751,0,0
3736,3.165134668,-5.959167957,-2.695871115,-0.752223551,8.731176376,0.423675328,1018.586548,118.0213013,109.3611832,66.11532593,77.95669556,0,0
3746,3.311181068,-5.892130375,-3.062183857,-0.777803957,8.731176376,0.4103522,1018.586548,118.0213013,110.8065948,66.97323608,77.79967499,0,0
3756,2.664746523,-5.839457989,-3.538630009,-0.792725861,8.731176376,0.386370599,1018.586548,118.0213013,111.4759827,66.90426636,77.64318085,0,0
3766,3.172317266,-5.990292549,-3.550601006,-0.795123994,8.731176376,0.362655431,1018.177673,121.3992004,112.1446838,66.83600616,77.48517609,0,0
3776,3.260902643,-5.820304394,-3.256114244,-0.793258786,8.731176376,0.341338426,1018.177673,121.3992004,112.8126984,66.7675705,77.32887268,0,0
3786,3.215412855,-5.906495571,-3.428496838,-0.784732044,8.731176376,0.321087271,1018.177673,121.3992004,114.2505875,67.60392761,77.17170715,0,0
3796,3.378218651,-5.817910194,-4.050989151,-0.765013814,8.731176376,0.309629381,1018.177673,121.3992004,114.9262848,67.53585052,77.01542664,0,0
3806,3.648763418,-5.841852188,-3.833117008,-0.739699841,8.731176376,0.30856356,1017.76709,124.7919388,115.6013107,67.46825409,76.85890961,0,0
3816,4.13239193,-5.777208805,-3.445256233,-0.71678406,8.731176376,0.314958632,1017.76709,124.7919388,116.2756577,67.40087128,76.70304108,0,0
3826,3.983951569,-5.7963624,-3.715801001,-0.69706583,8.731176376,0.332545161,1017.76709,124.7919388,117.7058563,68.20037079,76.54697418,0,0
3836,3.97916317,-5.671864033,-3.481169224,-0.682676852,8.731176376,0.356526792,1017.76709,128.185791,118.3875122,68.13031006,76.39215851,0,0
3846,4.223371983,-5.693411827,-3.275267839,-0.67415005,8.731176376,0.383439511,1017.356567,128.185791,119.0684662,68.0607605,76.23712158,0,0
3856,4.410119534,-5.717353821,-2.741360903,-0.673084199,8.731176376,0.4103522,1017.356567,128.185791,119.7487335,67.99172211,76.08184814,0,0
3866,4.168305397,-5.698200226,-3.100491285,-0.681344509,8.731176376,0.44046247,1017.356567,128.185791,121.1687698,68.73667908,75.92676544,0,0
3876,4.022258759,-5.71974802,-3.066972494,-0.700529873,8.731176376,0.464444101,1016.947632,131.5675049,121.8557663,68.6625061,75.77146912,0,0
3886,3.768473387,-5.779603004,-2.85867691,-0.721313894,8.731176376,0.480698317,1016.947632,131.5675049,122.5420227,68.58905029,75.61557007,0,0
3896,3.414131641,-5.72214222,-2.726995707,-0.744229674,8.731176376,0.487093419,1016.947632,131.5675049,123.2275467,68.51605988,75.46025085,0,0
3906,3.464409828,-5.700594425,-2.959233284,-0.767411947,8.731176376,0.478566617,1016.947632,131.5675049,124.633255,69.1914978,75.30514526,0,0
3916,3.172317266,-5.784391403,-3.069366693,-0.77913624,8.731176376,0.4623124,1016.540466,134.9355469,125.3247757,69.11149597,75.14920044,0,0
3926,3.497928619,-5.688623428,-3.311181068,-0.794857562,8.731176376,0.441794783,1016.540466,134.9355469,126.0154953,69.03210449,74.99421692,0,0
3936,3.093308687,-5.734113216,-3.105279684,-0.802851439,8.731176376,0.420211345,1016.540466,134.9355469,126.7054291,68.95355225,74.83877563,0,0
3946,3.016694069,-5.736507416,-3.356670856,-0.806581914,8.731176376,0.397561997,1016.540466,134.9355469,128.0927887,69.55303955,74.68331146,0,0
3956,3.56736064,-5.755661011,-3.414131641,-0.802318573,8.731176376,0.372514546,1016.133301,138.3046875,128.7878876,69.46645355,74.52765656,0,0
3966,3.215412855,-5.803544998,-4.012681961,-0.788728893,8.731176376,0.349598765,1016.133301,138.3046875,129.482132,69.38078308,74.371521,0,0
3976,3.153163671,-5.803544998,-4.065354347,-0.763947904,8.731176376,0.332278699,1016.133301,138.3046875,130.1755066,69.29595184,74.21538544,0,0
3986,3.615244627,-5.731719017,-2.949656487,-0.743163884,8.731176376,0.322686076,1016.133301,141.6616669,131.8475342,70.10330963,74.05996704,0,0
3996,3.576937437,-5.779603004,-3.42131424,-0.722379804,8.731176376,0.318689138,1015.727783,141.6616669,132.5480804,70.00574493,73.90406799,0,0
4006,3.813963413,-5.702988625,-3.639186621,-0.701329231,8.731176376,0.324018389,1015.727783,141.6616669,133.2476501,69.90904999,73.74893951,0,0
4016,3.974374771,-5.736507416,-3.466804028,-0.686140895,8.731176376,0.335742712,1015.727783,141.6616669,133.9462738,69.81321716,73.59347534,0,0
4026,3.823540211,-5.724536419,-3.447650433,-0.674949467,8.731176376,0.352796346,1015.322327,145.0187073,135.5650177,70.52268982,73.43813324,0,0
4036,3.97676897,-5.669469833,-2.700659513,-0.667488515,8.731176376,0.371715158,1015.322327,145.0187073,136.2697144,70.41673279,73.28334045,0,0
4046,3.811569214,-5.477933407,-3.330334663,-0.667754948,8.731176376,0.391699851,1015.322327,145.0187073,136.9733582,70.31179047,73.13046265,0,0
4056,3.840299606,-5.552153587,-3.323152065,-0.678413451,8.731176376,0.4082205,1015.322327,145.0187073,137.6759644,70.2077179,72.97684479,0,0
4066,3.579331636,-5.635950565,-2.497152328,-0.693868279,8.731176376,0.423941821,1014.91687,148.3768463,139.2468719,70.87574005,72.8223877,0,0
4076,3.541024208,-5.506663799,-2.667140722,-0.712520659,8.731176376,0.435932606,1014.91687,148.3768463,139.9550781,70.76712799,72.66921997,0,0
4086,3.347094059,-5.57848978,-2.985569477,-0.733038306,8.731176376,0.436199099,1014.91687,148.3768463,140.6622162,70.65949249,72.51533508,0,0
4096,3.466804028,-5.554547787,-2.8993783,-0.750624776,8.731176376,0.423941821,1014.91687,148.3768463,141.3682709,70.55292511,72.36168671,0,0
4106,3.787626982,-5.710171223,-2.60010314,-0.767145455,8.731176376,0.410618693,1014.514771,151.7085114,142.8981323,71.25304413,72.20648193,0,0
4116,3.790021181,-5.626373768,-2.829946518,-0.782866776,8.731176376,0.401825428,1014.514771,151.7085114,143.6101379,71.14961243,72.05211639,0,0
4126,3.541024208,-5.671864033,-2.693476915,-0.80098623,8.731176376,0.394364446,1014.514771,151.7085114,144.3211212,71.04734039,71.89730072,0,0
4136,3.124433279,-5.461174011,-2.557007313,-0.816973984,8.731176376,0.382906556,1014.514771,155.0412445,145.0310974,70.94632721,71.74459076,0,0
4146,3.627215624,-5.489904404,-2.250549555,-0.824967802,8.731176376,0.366119444,1014.112671,155.0412445,146.5330658,71.76874542,71.59159088,0,0
4156,3.840299606,-5.492298603,-3.574543238,-0.826833069,8.731176376,0.343470156,1014.112671,155.0412445,147.2503052,71.68013763,71.43856812,0,0
4166,3.311181068,-5.571307182,-3.105279684,-0.820704401,8.731176376,0.318422645,1014.112671,155.0412445,147.9666595,71.5928421,71.28475189,0,0
4176,3.292027235,-5.83466959,-2.547430515,-0.814042866,8.731176376,0.29817152,1013.710632,158.3745422,148.6821594,71.5070343,71.12830353,0,0
4186,4.247313976,-5.671864033,-3.134010077,-0.802585006,8.731176376,0.287246555,1013.710632,158.3745422,150.1727905,72.54804993,70.97348785,0,0
4196,4.534617901,-5.583278179,-3.821146011,-0.78846246,8.731176376,0.279252678,1013.710632,158.3745422,150.8979492,72.48431396,70.81955719,0,0
4206,4.09169054,-5.607220173,-2.810792685,-0.767145455,8.731176376,0.279252678,1013.710632,158.3745422,151.6224823,72.42183685,70.66538239,0,0
4216,4.922478676,-5.609614372,-2.166752577,-0.74902606,8.731176376,0.294441044,1013.308533,161.7094116,152.3463898,72.36053467,70.51118469,0,0
4226,4.369418144,-5.461174011,-2.916137695,-0.739966273,8.731176376,0.319754958,1013.308533,161.7094116,153.8442383,73.70526123,70.35847473,0,0
4236,4.580107689,-5.456385612,-2.41335535,-0.744496226,8.731176376,0.339473218,1013.308533,161.7094116,154.581131,73.67367554,70.20581055,0,0
4246,3.636792421,-5.384559631,-2.023100376,-0.750891268,8.731176376,0.358125567,1013.308533,161.7094116,155.3177185,73.64280701,70.05386353,0,0
4256,4.690241337,-5.492298603,-2.518700123,-0.770343065,8.731176376,0.372248113,1012.909851,165.0167542,156.0540009,73.61358643,69.90084076,0,0
4266,3.82593441,-5.521028996,-1.996764183,-0.792192936,8.731176376,0.37704441,1012.909851,165.0167542,157.5733795,75.29890442,69.74752808,0,0
4276,3.191470861,-5.54257679,-2.171540976,-0.818039775,8.731176376,0.372248113,1012.909851,165.0167542,158.3263855,75.3025589,69.59400177,0,0
4286,4.096478939,-5.370194435,-2.245761156,-0.851347625,8.731176376,0.361323118,1012.909851,168.2975464,159.079422,75.3058548,69.44219971,0,0
4296,3.390189648,-5.535394192,-1.929726601,-0.875862122,8.731176376,0.344802469,1012.514526,168.2975464,159.8325043,75.31136322,69.28874207,0,0
4306,3.636792421,-5.664681435,-2.252943754,-0.903041363,8.731176376,0.325617135,1012.514526,168.2975464,161.3800201,77.28575897,69.13399506,0,0
4316,4.240131378,-5.406107426,-2.422932148,-0.922226667,8.731176376,0.301635504,1012.514526,168.2975464,162.1530151,77.31395721,68.98183441,0,0
4326,3.356670856,-5.487510204,-2.114080191,-0.933418036,8.731176376,0.273656964,1012.119202,171.5793762,162.9263,77.34346008,68.82885742,0,0
4336,3.670311213,-5.257667065,-2.698265314,-0.937415004,8.731176376,0.252339959,1012.119202,171.5793762,163.6998749,77.37132263,68.67818451,0,0
4346,4.141968727,-5.329493046,-2.425326347,-0.938480854,8.731176376,0.233687595,1012.119202,171.5793762,165.2705078,79.46894836,68.5267868,0,0
4356,3.82593441,-5.509057999,-3.12203908,-0.933151603,8.731176376,0.213702917,1012.119202,171.5793762,166.0653687,79.50302887,68.37359619,0,0
4366,3.981557369,-5.394136429,-3.260902643,-0.918762624,8.731176376,0.199313939,1011.723877,174.8622589,166.8605652,79.53592682,68.22155762,0,0
4376,4.302380562,-5.379771233,-2.432508945,-0.893715203,8.731176376,0.194517612,1011.723877,174.8622589,167.6560974,79.56860352,68.06965637,0,0
4386,3.351882458,-5.530605793,-2.37744236,-0.866269529,8.731176376,0.199580401,1011.723877,174.8622589,169.2278748,81.56056213,67.91625214,0,0
4396,4.635174274,-5.243301868,-3.201047659,-0.836958647,8.731176376,0.207307816,1011.723877,174.8622589,170.0435486,81.57286835,67.76571655,0,0
4406,4.319139957,-5.05894804,-2.825158119,-0.816973984,8.731176376,0.221163854,1011.332031,178.1170044,170.8593292,81.58304596,67.61702728,0,0
4416,4.261679173,-5.331887245,-2.403778553,-0.808713615,8.731176376,0.239816234,1011.332031,178.1170044,171.6752167,81.59481812,67.46560669,0,0
4426,4.67827034,-5.114014626,-2.487575531,-0.807914257,8.731176376,0.263531387,1011.332031,178.1170044,173.2116394,83.26242828,67.3163681,0,0
4436,4.570530891,-5.102043629,-3.002328873,-0.815641701,8.731176376,0.289378256,1011.332031,181.3738098,174.0441437,83.23818207,67.16724396,0,0
4446,4.381389141,-5.154716492,-2.343923569,-0.831895888,8.731176376,0.317356825,1010.940063,181.3738098,174.8764038,83.21313477,67.01759338,0,0
4456,4.256890774,-5.355829239,-1.879448295,-0.852679908,8.731176376,0.342670739,1010.940063,181.3738098,175.7084198,83.18803406,66.86593628,0,0
4467,4.290409565,-5.214571476,-2.11647439,-0.876395106,8.731176376,0.35839203,1010.940063,181.3738098,177.1784515,84.43996429,66.71569061,0,0
4477,4.084507942,-5.19781208,-1.74776721,-0.901176095,8.731176376,0.367451757,1010.549866,184.6172943,178.0225372,84.37545776,66.56561279,0,0
4487,3.646369219,-5.104437828,-2.04464817,-0.924891293,8.731176376,0.365586549,1010.549866,184.6172943,178.8659515,84.30925751,66.41646576,0,0
4497,3.873818398,-5.188235283,-2.547430515,-0.949672222,8.731176376,0.351464033,1010.549866,184.6172943,179.7087097,84.24176025,66.26648712,0,0
4508,3.184288263,-5.214571476,-2.358288765,-0.968591094,8.731176376,0.326416522,1010.549866,184.6172943,181.0906982,85.08790588,66.11624146,0,0
4518,3.907337189,-5.037400246,-2.262520552,-0.968324661,8.731176376,0.303500772,1010.163025,187.8336487,181.9410706,84.98629761,65.96776581,0,0
4528,4.529829502,-5.157110691,-2.403778553,-0.966992319,8.731176376,0.292575806,1010.163025,187.8336487,182.7904205,84.88306427,65.81809235,0,0
4538,3.840299606,-5.298368454,-2.863465309,-0.965393543,8.731176376,0.292042881,1010.163025,187.8336487,183.6387329,84.77815247,65.66700745,0,0
4549,4.225766182,-5.185841084,-3.232172251,-0.961130142,8.731176376,0.29710567,1010.163025,191.0233307,185.340332,85.87943268,65.5170517,0,0
4559,4.465186119,-5.142745018,-3.150769472,-0.95366919,8.731176376,0.297372133,1009.779541,191.0233307,186.1983795,85.72886658,65.36752319,0,0
4569,4.139574528,-5.212177277,-2.513911724,-0.945142388,8.731176376,0.297905058,1009.779541,191.0233307,187.0549011,85.57656097,65.21730042,0,0
4579,4.388571739,-5.078101635,-2.961627483,-0.929154634,8.731176376,0.300036758,1009.779541,191.0233307,187.9098969,85.42334747,65.06842041,0,0
4590,4.8291049,-4.963180065,-2.987963676,-0.913166881,8.731176376,0.306165397,1009.39447,194.2268066,189.4555206,86.09991455,64.92068481,0,0
4600,4.606443882,-4.728548527,-2.97359848,-0.893715203,8.731176376,0.321886688,1009.39447,194.2268066,190.3156281,85.92211914,64.77529907,0,0
4610,4.584896088,-4.86741209,-2.875436306,-0.880125582,8.731176376,0.340272576,1009.39447,194.2268066,191.1739502,85.74240112,64.62852478,0,0
4620,4.965574265,-5.075707436,-2.877830505,-0.879059732,8.731176376,0.363987744,1009.39447,194.2268066,192.0304565,85.56034088,64.47966766,0,0
4631,5.094861031,-4.675876141,-2.829946518,-0.880125582,8.731176376,0.390367538,1009.012634,197.4046326,193.4355927,85.96447754,64.33480835,0,0
4641,4.699818134,-4.929661274,-2.619256735,-0.892116368,8.731176376,0.421810091,1009.012634,197.4046326,194.294281,85.77086639,64.18740845,0,0
4651,5.078101635,-4.821922302,-2.942473888,-0.910502255,8.731176376,0.442860663,1009.012634,197.4046326,195.1510315,85.57727051,64.04109192,0,0
4661,4.393360138,-4.8291049,-2.363077164,-0.928888202,8.731176376,0.45911485,1009.012634,200.5541992,196.0058289,85.38291931,63.8946991,0,0
4672,3.682282209,-4.824316502,-2.880224705,-0.951537549,8.731176376,0.456983149,1008.634277,200.5541992,197.2901306,85.61317444,63.74835587,0,0
4682,3.598485231,-4.824316502,-2.408566952,-0.970989287,8.731176376,0.442061275,1008.634277,200.5541992,198.1452637,85.41488647,63.60201263,0,0
4692,4.259284973,-4.876988888,-1.802833915,-0.979782522,8.731176376,0.427139342,1008.634277,200.5541992,198.9984131,85.21575165,63.45514297,0,0
4702,4.000710964,-4.79319191,-2.71502471,-0.983246505,8.731176376,0.411951005,1008.260986,203.662674,199.8495789,85.01677704,63.30911255,0,0
4713,3.694253206,-4.733336926,-3.169923067,-0.984045923,8.731176376,0.398627877,1008.260986,203.662674,201.0308228,85.13528442,63.16368103,0,0
4725,3.588908434,-4.857835293,-3.375824451,-0.977917254,8.731176376,0.381574243,1008.260986,203.662674,201.8811798,84.9362793,63.01700211,384.302948,0
4735,4.261679173,-4.606443882,-3.438073635,-0.97125572,8.731176376,0.368251175,1008.260986,203.662674,202.7295532,84.73886108,62.87283707,384.3955688,1.19E-07
4746,3.785232782,-4.714183331,-2.499546528,-0.955001533,8.731176376,0.355460972,1007.887756,206.7715759,203.575943,84.54042053,62.72759628,384.4804382,0
4757,4.043806553,-4.690241337,-3.002328873,-0.933418036,8.731176376,0.342670739,1007.887756,206.7715759,204.6740723,84.58603668,62.58259201,384.8180847,1.19E-07
4767,4.345476151,-4.675876141,-2.851494312,-0.910235822,8.731176376,0.336009204,1007.887756,206.7715759,205.5189514,84.39034271,62.4377327,384.9164429,0
4777,4.297592163,-4.505887508,-2.425326347,-0.887320042,8.731176376,0.339473218,1007.516113,209.8680725,206.3618774,84.19579315,62.29457474,385.0136108,1.19E-07
4787,3.967192173,-4.718971729,-2.559401512,-0.877460957,8.731176376,0.346134782,1007.516113,209.8680725,207.2028656,83.99968719,62.14928436,385.09729,0
4797,3.830722809,-4.503493309,-2.760514498,-0.871332288,8.731176376,0.354395092,1007.516113,209.8680725,208.2327271,83.99532318,62.00614929,385.3809509,0
4808,4.38617754,-4.611232281,-2.918531895,-0.867068946,8.731176376,0.358924955,1007.516113,209.8680725,209.0717163,83.80328369,61.86193848,385.4806824,1.19E-07
4818,3.574543238,-4.699818134,-2.664746523,-0.853745818,8.731176376,0.366385907,1007.14624,212.9511108,209.908783,83.61076355,61.71683884,385.5663147,0
4828,4.010287762,-4.465186119,-2.260126352,-0.84255439,8.731176376,0.369583488,1007.14624,212.9511108,210.743927,83.41998291,61.57408524,385.6620178,0
4838,3.653551817,-4.400542736,-2.477998734,-0.837225139,8.731176376,0.376511484,1007.14624,212.9511108,211.7171631,83.37780762,61.43198013,385.8991699,0
4848,3.653551817,-4.455609322,-2.398990154,-0.843087316,8.731176376,0.382640123,1007.14624,212.9511108,212.5500031,83.19052124,61.28932571,385.9926453,0
4858,3.694253206,-4.558559895,-2.138022184,-0.853479326,8.731176376,0.383705974,1006.779663,216.0068512,213.3809814,83.00283813,61.14564133,386.0960083,0
4868,3.294421434,-4.443638325,-2.621650934,-0.864404321,8.731176376,0.382107198,1006.779663,216.0068512,214.210083,82.81620026,61.00310516,386.1916809,0
4878,3.617638826,-4.357447147,-2.477998734,-0.87266463,8.731176376,0.373313934,1006.779663,216.0068512,215.1343689,82.74131775,60.86143112,386.3865051,0
4888,3.303998232,-4.484339714,-2.257732153,-0.880392075,8.731176376,0.362921923,1006.418213,219.0213623,215.9608612,82.55761719,60.71848679,386.4767151,0
4898,3.643975019,-4.474762917,-2.580949545,-0.885188341,8.731176376,0.348532915,1006.418213,219.0213623,216.7855225,82.3743515,60.57563782,386.5819702,0
4908,3.974374771,-4.280832767,-2.906560898,-0.881191373,8.731176376,0.33867383,1006.418213,219.0213623,217.6083527,82.19267273,60.43473053,386.6843262,0
4918,3.763684988,-4.42448473,-2.473210335,-0.874529839,8.731176376,0.331479341,1006.418213,219.0213623,218.4881134,82.08402252,60.2923851,386.835907,0
4928,3.253720045,-4.345476151,-2.602497339,-0.864937186,8.731176376,0.323218971,1006.056702,222.0372772,219.3080597,81.90450287,60.15082932,386.9313049,0
4938,3.909731388,-4.254496574,-2.700659513,-0.851614058,8.731176376,0.319754958,1006.056702,222.0372772,220.1262054,81.72595978,60.01018524,387.0449524,0
4948,4.13239193,-4.209006786,-1.862688899,-0.838024497,8.731176376,0.318689138,1006.056702,222.0372772,220.9425812,81.54812622,59.86999512,387.1489868,0
4958,2.93768549,-4.244919777,-2.135627985,-0.827099502,8.731176376,0.323218971,1006.056702,222.0372772,221.7849884,81.40895081,59.72944641,387.2772217,0
5135,3.624821424,-4.213795185,-2.784456491,-0.813509941,8.731176376,0.327748835,1005.697021,225.0386505,222.5981903,81.23293304,59.5892067,387.377594,0
5135,4.058171749,-4.381389141,-2.353500366,-0.802585006,8.731176376,0.331745774,1005.697021,225.0386505,223.4096375,81.05644226,59.44729233,387.4815979,0
5135,3.53384161,-4.12999773,-2.442085743,-0.788728893,8.731176376,0.33973965,1005.697021,225.0386505,224.2193298,80.8819046,59.30789185,387.587677,0
5135,3.45722723,-4.158728123,-2.152387381,-0.786863685,8.731176376,0.351730466,1005.697021,225.0386505,225.0284271,80.70947266,59.16820526,387.6914368,0
5135,3.797203779,-4.230554581,-2.535459518,-0.787929535,8.731176376,0.361856043,1005.342346,227.9987335,225.8346558,80.53548431,59.02780151,387.7884216,0
5135,3.964797974,-4.199429989,-1.800439715,-0.797522187,8.731176376,0.375179172,1005.342346,227.9987335,226.6391449,80.36225891,58.88770676,387.8983154,0
5135,3.258508444,-4.072536945,-1.647210717,-0.808713615,8.731176376,0.387169987,1005.342346,227.9987335,227.4419098,80.19036102,58.74888229,388.005249,0
5135,3.490746021,-4.101267338,-2.197877169,-0.822036743,8.731176376,0.388768762,1004.987671,230.9601898,228.5212555,80.48706818,58.60976791,388.3868713,0
5135,3.778050184,-4.05338335,-1.606509328,-0.842820823,8.731176376,0.391699851,1004.987671,230.9601898,229.3253326,80.3276062,58.47113419,388.4953918,0
5135,3.224989653,-4.187458992,-1.659181833,-0.866802454,8.731176376,0.394630939,1004.987671,230.9601898,230.1278076,80.16830444,58.3311615,388.5951538,0
5135,3.34469986,-4.077325344,-2.284068346,-0.892649293,8.731176376,0.391166925,1004.987671,230.9601898,230.9286957,80.01032257,58.19228745,388.7167053,0
5135,3.670311213,-4.034229755,-2.219424963,-0.91210103,8.731176376,0.383705974,1004.63623,233.8952332,231.9566498,80.27436829,58.05384445,389.0551147,0
5135,3.260902643,-4.084507942,-2.099714994,-0.927022934,8.731176376,0.371182233,1004.63623,233.8952332,232.758667,80.12760925,57.91489792,389.1646423,0
5135,3.088520288,-4.103661537,-2.389413357,-0.93288517,8.731176376,0.353062779,1004.63623,233.8952332,233.5592041,79.98168945,57.77576065,389.2714539,0
5135,3.667917013,-4.074931145,-3.203441858,-0.933151603,8.731176376,0.334143966,1004.63623,233.8952332,234.3583069,79.83679199,57.63690948,389.394928,0
5135,3.464409828,-3.97676897,-1.939303398,-0.926756501,8.731176376,0.317090333,1004.286743,236.8146515,235.337616,80.05437469,57.49904251,389.6921692,0
5135,3.320757866,-4.110844135,-2.420537949,-0.921960175,8.731176376,0.303234309,1004.286743,236.8146515,236.1374817,79.91880798,57.35983276,389.8031006,0
5138,3.612850428,-3.90254879,-3.126827478,-0.917163849,8.731176376,0.29497394,1004.286743,236.8146515,236.9360046,79.78476715,57.22270584,389.9229126,0
5148,3.359065056,-3.957615376,-2.724601507,-0.896646261,8.731176376,0.288578868,1004.286743,236.8146515,237.7331848,79.65151215,57.0850296,390.0537109,0
5158,3.82593441,-4.058171749,-1.982398987,-0.874529839,8.731176376,0.284581929,1003.938721,239.723053,238.6655273,79.80700684,56.94634628,390.3044128,0
5168,3.282450438,-3.921702385,-1.908178806,-0.852147043,8.731176376,0.284581929,1003.938721,239.723053,239.4629669,79.68114471,56.80902863,390.4271851,0
5178,3.969586372,-3.842693806,-1.8579005,-0.837225139,8.731176376,0.288578868,1003.938721,239.723053,240.2591553,79.55638123,56.67250061,390.5521545,0
5188,3.464409828,-3.828328609,-2.334346771,-0.82789892,8.731176376,0.295773357,1003.595947,242.5880127,241.0540924,79.43257904,56.53611755,390.6904907,0
5198,3.179499865,-3.828328609,-2.245761156,-0.826566637,8.731176376,0.306698322,1003.595947,242.5880127,241.9363403,79.50456238,56.3997345,390.9075317,0
5208,3.368641853,-3.900154591,-1.30005157,-0.828165412,8.731176376,0.312826961,1003.595947,242.5880127,242.7307892,79.38586426,56.26263428,391.0329895,0
5218,3.881000996,-3.928884983,-1.161187768,-0.833761096,8.731176376,0.317090333,1003.595947,242.5880127,243.5240479,79.26809692,56.12524414,391.1556091,0
5228,4.007893562,-3.821146011,-2.104503393,-0.842287898,8.731176376,0.320287883,1003.253113,245.4542694,244.3161469,79.15148163,55.98893356,391.2946777,0
5238,3.021482468,-3.837905407,-1.702277422,-0.84974885,8.731176376,0.32721591,1003.253113,245.4542694,245.150528,79.1340332,55.85245514,391.4682312,0
5248,3.876212597,-3.890577793,-1.144428372,-0.864137828,8.731176376,0.329614073,1003.253113,245.4542694,245.9412994,79.02089691,55.71545029,391.5953064,0
5258,3.663128614,-3.919308186,-1.18752408,-0.884921908,8.731176376,0.333877474,1003.253113,245.4542694,246.7309418,78.90878296,55.57815552,391.7197876,0
5268,3.040636063,-3.79241538,-2.063801765,-0.906505346,8.731176376,0.334943324,1002.911865,248.3084412,247.5194855,78.79788971,55.44213104,391.848877,0
5278,3.296815634,-3.845088005,-2.059013367,-0.926756501,8.731176376,0.324817777,1002.911865,248.3084412,248.3071136,78.68850708,55.30558014,391.9913635,0
5288,3.60327363,-3.912125587,-1.453280449,-0.941411912,8.731176376,0.309096456,1002.911865,248.3084412,249.0934448,78.57974243,55.16835785,392.1178894,0
5298,2.841917515,-3.787626982,-2.152387381,-0.938747287,8.731176376,0.295773357,1002.911865,248.3084412,249.8787079,78.47220612,55.03238297,392.2489624,0
5308,3.232172251,-3.526659012,-2.518700123,-0.930220544,8.731176376,0.282450229,1002.574219,251.1330261,250.6629028,78.3659668,54.89901733,392.3915405,0
5318,3.663128614,-3.452438831,-2.087743998,-0.917430282,8.731176376,0.270992339,1002.574219,251.1330261,251.403595,78.16327667,54.76639175,392.5094604,0
5328,3.16034627,-3.588908434,-1.759738207,-0.902508378,8.731176376,0.260067374,1002.574219,251.1330261,252.1846924,78.05792999,54.63240433,392.6508789,0
5338,3.253720045,-3.485957623,-2.097320795,-0.892116368,8.731176376,0.253672272,1002.238098,253.9454803,252.9647522,77.95374298,54.49944305,392.7961121,0
5348,3.433285236,-3.38300705,-2.274491549,-0.878260314,8.731176376,0.247810096,1002.238098,253.9454803,253.7437744,77.85070038,54.36751175,392.9449768,0
5358,3.397372246,-3.354276657,-2.104503393,-0.86014092,8.731176376,0.24461256,1002.238098,253.9454803,254.4410095,77.56391907,54.23587036,393.0269775,0
5368,3.292027235,-3.390189648,-1.625662923,-0.84255439,8.731176376,0.24567841,1002.238098,253.9454803,255.2161255,77.46073914,54.10386658,393.1767578,0
5378,3.414131641,-3.428496838,-2.114080191,-0.82789892,8.731176376,0.249941811,1001.905334,256.7308655,255.9902344,77.35864258,53.97148132,393.3236084,0
5388,3.301604033,-3.426102638,-1.877054095,-0.815375149,8.731176376,0.258202136,1001.905334,256.7308655,256.7633057,77.25763702,53.83911896,393.4691772,0
5398,3.263296843,-3.505111217,-2.135627985,-0.803384364,8.731176376,0.267794788,1001.905334,256.7308655,257.4195862,76.8950119,53.70596695,393.4940796,0
5408,3.227383852,-3.378218651,-2.068590164,-0.792725861,8.731176376,0.280052066,1001.905334,256.7308655,258.1880188,76.79299927,53.57408524,393.6543884,0
5418,3.392583847,-3.414131641,-2.078166962,-0.783666193,8.731176376,0.289378256,1001.574402,259.5015564,258.9554443,76.69207764,53.44184494,393.8000793,0
5428,3.08373189,-3.366247654,-2.592920542,-0.779935658,8.731176376,0.297372133,1001.574402,259.5015564,259.7218628,76.5922699,53.31008148,393.9468689,0
5438,3.217807055,-3.368641853,-1.731007814,-0.775938749,8.731176376,0.306964755,1001.574402,259.5015564,260.3423157,76.16868591,53.17829514,393.9470825,0
5448,3.414131641,-3.275267839,-1.795651317,-0.767411947,8.731176376,0.314958632,1001.574402,259.5015564,261.1034851,76.0672226,53.04744339,394.1081543,0
5458,3.339911461,-3.23456645,-2.073378563,-0.760483861,8.731176376,0.323751897,1001.244995,262.2600708,261.863678,75.96688843,52.916996,394.2595215,0
5468,3.016694069,-3.311181068,-2.343923569,-0.758618653,8.731176376,0.334676892,1001.244995,262.2600708,262.6228638,75.86766815,52.78578568,394.4063416,0
5478,3.282450438,-3.311181068,-1.606509328,-0.757552803,8.731176376,0.344269514,1001.244995,262.2600708,263.2134705,75.39931488,52.65457535,394.384613,0
5488,3.023876667,-3.239354849,-1.527500629,-0.756486952,8.731176376,0.351464033,1000.920776,264.9419556,263.9669495,75.29798889,52.52408218,394.5421143,0
5498,2.79163909,-3.19865346,-2.466027737,-0.755687594,8.731176376,0.354128659,1000.924866,264.9419556,264.7194519,75.1978302,52.39399719,394.6925049,0
5508,2.928108692,-3.189076662,-2.085349798,-0.753555894,8.731176376,0.356793284,1000.924866,264.9419556,265.4709473,75.09883118,52.26400757,394.8422241,0
5518,3.016694069,-3.253720045,-1.482010841,-0.755421162,8.731176376,0.355460972,1000.924866,264.9419556,266.0279541,74.57984924,52.13336945,394.7941895,0
5528,3.150769472,-3.162740469,-1.537077546,-0.755421162,8.731176376,0.355194479,1000.598267,267.6782227,266.7732239,74.4782486,52.00364304,394.9381409,0
5538,3.134010077,-3.143586874,-2.387019157,-0.756486952,8.731176376,0.356793284,1000.598267,267.6782227,267.5175171,74.37785339,51.87410736,395.0994873,0
5548,2.959233284,-3.246537447,-1.78368032,-0.757019937,8.731176376,0.358924955,1000.598267,267.6782227,268.2608032,74.27864838,51.74354172,395.2429199,0
5558,3.040636063,-3.256114244,-1.484405041,-0.756753445,8.731176376,0.362921923,1000.598267,267.6782227,268.801239,73.74790955,51.61288071,395.1830444,0
5568,3.126827478,-3.102885485,-1.611297727,-0.755687594,8.731176376,0.367185295,1000.279053,270.3537598,269.538208,73.64608765,51.4837532,395.3265686,0
5578,3.028665066,-3.074155092,-2.15478158,-0.756486952,8.731176376,0.368517607,1000.279053,270.3537598,270.2741699,73.54550934,51.3549118,395.4856262,0
5588,2.839523315,-3.172317266,-2.070984364,-0.762615621,8.731176376,0.371448696,1000.279053,270.3537598,271.0091248,73.44617462,51.22509003,395.6289063,0
5598,2.956839085,-3.114856482,-1.496376038,-0.763415039,8.731176376,0.370649308,1000.279053,270.3537598,271.5305176,72.89940643,51.09584045,395.5613708,0
5608,2.987963676,-3.16034627,-1.8602947,-0.766079664,8.731176376,0.369583488,999.9639893,272.9949036,272.2590027,72.79735565,50.96613693,395.6983948,0
5618,2.803610086,-3.05021286,-1.948880196,-0.770609498,8.731176376,0.371715158,999.9639893,272.9949036,272.9864502,72.69663239,50.83753586,395.8529053,0
5628,2.784456491,-2.995146275,-1.958456993,-0.773806989,8.731176376,0.372248113,999.9639893,272.9949036,273.7129211,72.59722137,50.7094841,396.0006714,0
5638,2.719813108,-3.002328873,-1.936909199,-0.773806989,8.731176376,0.369316995,999.6498413,275.6294861,274.6209106,72.87836456,50.58135986,396.3297119,0
5648,2.688688517,-3.086126089,-1.879448295,-0.773007691,8.731176376,0.363188356,999.6498413,275.6294861,275.3492432,72.78572845,50.45240021,396.4748535,0
5658,2.86107111,-2.901772499,-1.807622313,-0.770609498,8.731176376,0.356526792,999.6498413,275.6294861,276.0766296,72.69428253,50.32528305,396.6273193,0
5668,2.545036316,-3.093308687,-2.090138197,-0.76661253,8.731176376,0.350664616,999.6498413,275.6294861,276.8031006,72.60423279,50.19625092,396.7867126,0
5678,2.7533319,-2.961627483,-1.848323703,-0.761016846,8.731176376,0.344802469,999.3357544,278.2637024,277.6411438,72.74450684,50.06853485,397.0525208,0
5688,3.105279684,-2.968810081,-1.699883223,-0.75515461,8.731176376,0.343736589,999.3357544,278.2637024,278.3681641,72.65917206,49.94074631,397.2065735,0
5698,2.961627483,-2.947262287,-1.716642618,-0.745295525,8.731176376,0.340805531,999.3357544,278.2637024,279.0943298,72.57506561,49.8131752,397.3607178,0
5708,2.583343744,-2.97359848,-2.04464817,-0.738101065,8.731176376,0.343203664,999.3357544,278.2637024,279.8196411,72.49223328,49.68534088,397.5269775,0
5718,2.643198729,-2.940079689,-2.123656988,-0.733038306,8.731176376,0.345868289,999.0234375,280.8841248,280.5959778,72.51377869,49.55783844,397.7367859,0
5728,2.968810081,-2.940079689,-1.714248419,-0.729307771,8.731176376,0.349332303,999.0234375,280.8841248,281.3207092,72.43431091,49.430336,397.8945923,0
5738,2.595314741,-2.987963676,-1.654393315,-0.723445654,8.731176376,0.34906584,999.0234375,280.8841248,282.0446472,72.35614777,49.30235672,398.0495605,0
5748,2.549824715,-2.806004286,-1.647210717,-0.718382835,8.731176376,0.349865228,999.0234375,280.8841248,282.7678223,72.27890015,49.17619705,398.2239685,0
5758,2.557007313,-2.889801502,-1.881842494,-0.715984643,8.731176376,0.349332303,998.7143555,283.4778442,283.4883728,72.19936371,49.04919815,398.3849792,0
5768,2.422932148,-2.813186884,-1.594538331,-0.716251135,8.731176376,0.34799999,998.7143555,283.4778442,284.2099915,72.12451172,48.922966,398.5503235,0
5778,2.557007313,-2.801215887,-1.563413739,-0.713853002,8.731176376,0.346134782,998.7143555,283.4778442,284.9308777,72.05084991,48.79685211,398.715332,0
5788,2.497152328,-2.849100113,-1.589749932,-0.713853002,8.731176376,0.341071963,998.4070435,286.0572205,285.6510315,71.97849274,48.67026138,398.8771057,0
5798,2.449268341,-2.837129116,-1.759738207,-0.711987734,8.731176376,0.3365421,998.4070435,286.0572205,286.3234558,71.81821442,48.54378891,399.0075378,0
5808,2.504334927,-2.875436306,-1.256955862,-0.711188376,8.731176376,0.329614073,998.4070435,286.0572205,287.0412598,71.74764252,48.41693497,399.1710205,0
5818,2.482787132,-2.829946518,-1.350329757,-0.708257318,8.731176376,0.325084209,998.4070435,286.0572205,287.7583923,71.67818451,48.29053497,399.335968,0
5828,2.449268341,-2.767697096,-1.522712231,-0.707191408,8.731176376,0.321886688,998.1013794,288.6237793,288.4748535,71.60978699,48.16475677,399.5025635,0
5838,2.477998734,-2.736572504,-2.030282974,-0.70639205,8.731176376,0.316290945,998.1013794,288.6237793,289.1064758,71.38682556,48.03929138,399.5990906,0
5848,2.248155355,-2.801215887,-1.436521053,-0.704793274,8.731176376,0.308830023,998.1013794,288.6237793,289.8200073,71.3197403,47.91317749,399.7667236,0
5858,2.351106167,-2.767697096,-1.711854219,-0.70532614,8.731176376,0.301901996,998.1013794,288.6237793,290.5328674,71.25379944,47.78739929,399.9346924,0
5868,2.518700123,-2.67432332,-1.517923832,-0.702128649,8.731176376,0.294174582,997.7973633,291.1764832,291.2450562,71.18881989,47.66255569,400.105957,0
5878,2.434903145,-2.765302896,-1.728613615,-0.694934189,8.731176376,0.290977001,997.7973633,291.1764832,291.8422546,70.91853333,47.5368042,400.1581116,0
5888,2.319981337,-2.71502471,-2.015917778,-0.682943344,8.731176376,0.287513018,997.7973633,291.1764832,292.5511475,70.85452271,47.41155243,400.3409119,0
5898,2.509123325,-2.760514498,-1.704671621,-0.673084199,8.731176376,0.287513018,997.7973633,291.1764832,293.2593994,70.79184723,47.28584671,400.5096741,0
5908,2.418143749,-2.803610086,-1.460463047,-0.666422606,8.731176376,0.286447167,997.4968872,293.7008972,293.9670105,70.73049927,47.15970993,400.6757507,0
5918,2.327163935,-2.758120298,-1.484405041,-0.659761071,8.731176376,0.283782542,997.4968872,293.7008972,294.5332031,70.4211731,47.0340271,400.7022705,0
5928,2.557007313,-2.633621931,-1.778891921,-0.656297088,8.731176376,0.283516079,997.4968872,293.7008972,295.2371216,70.3598175,46.90959167,400.8861084,0
5938,2.317587137,-2.71263051,-1.912967205,-0.651500762,8.731176376,0.288312376,997.199585,296.1989746,295.9404297,70.29989624,46.78436661,401.0570374,0
5948,2.243366957,-2.578555346,-1.991975784,-0.643506885,8.731176376,0.292842269,997.199585,296.1989746,296.6431274,70.24072266,46.6604805,401.232666,0
5958,2.382230759,-2.669534922,-1.946485996,-0.63471365,8.731176376,0.295240432,997.199585,296.1989746,297.1816711,69.89946747,46.53568649,401.2401428,0
5968,2.49236393,-2.698265314,-1.812410712,-0.624854505,8.731176376,0.298437983,997.199585,296.1989746,297.8803711,69.84088135,46.41060257,401.406311,0
5978,2.346317768,-2.657563925,-1.673547029,-0.612064302,8.731176376,0.303234309,996.9024048,298.6961365,298.5784912,69.78331757,46.28592682,401.5915527,0
5988,2.329558372,-2.628833532,-1.999158382,-0.599274099,8.731176376,0.309895873,996.9024048,298.6961365,299.276062,69.72679138,46.16153717,401.7648315,0
5998,2.365471363,-2.679111719,-1.312022567,-0.589148581,8.731176376,0.320287883,996.9024048,298.6961365,299.793396,69.36564636,46.0366478,401.7555542,0
6008,2.382230759,-2.590526342,-1.690306425,-0.579022944,8.731176376,0.328814715,996.9024048,298.6961365,300.4867859,69.30890656,45.91264343,401.9259949,0
6018,2.518700123,-2.573766708,-1.915361404,-0.571828485,8.731176376,0.33867383,996.6068726,301.1804199,301.1795959,69.2532196,45.78880692,402.1117554,0
6028,2.178723574,-2.521094322,-1.623268723,-0.569430292,8.731176376,0.34906584,996.6068726,301.1804199,301.8718567,69.19844055,45.66549683,402.2893677,0
6038,2.296039343,-2.604891539,-1.321599364,-0.570762634,8.731176376,0.358658493,996.6068726,301.1804199,302.3717041,68.82341766,45.5413475,402.2708435,0
6048,2.334346771,-2.540247917,-1.398213744,-0.571562052,8.731176376,0.368251175,996.6068726,301.1804199,303.0596619,68.76844788,45.41784668,402.4428406,0
6058,2.078166962,-2.542642117,-1.388636947,-0.577157736,8.731176376,0.372514546,996.3148193,303.636322,303.7470703,68.71459198,45.29431915,402.6269226,0
6068,2.276885748,-2.477998734,-1.678335428,-0.583019912,8.731176376,0.376244992,996.3148193,303.636322,304.4339294,68.66160583,45.17144012,402.8058472,0
6078,2.23139596,-2.516305923,-1.532289028,-0.591013789,8.731176376,0.376511484,996.3148193,303.636322,304.9172668,68.27402496,45.04817581,402.7793579,0
6088,2.020706177,-2.518700123,-1.309628367,-0.597675323,8.731176376,0.375978559,996.024353,306.0793457,305.5997314,68.22083282,44.92488861,402.9516602,0
6098,2.288856745,-2.406172752,-1.623268723,-0.601139367,8.731176376,0.376777947,996.024353,306.0793457,306.2816772,68.16835022,44.80272675,403.1280212,0
6108,1.810016513,-2.475604534,-1.505952835,-0.6056692,8.731176376,0.376777947,996.024353,306.0793457,306.9631042,68.11725616,44.67987061,403.3169861,0
6118,1.786074519,-2.501940727,-1.489193439,-0.613663077,8.731176376,0.368517607,996.024353,306.0793457,307.4328308,67.7217865,44.55675125,403.2825623,0
6128,2.049436569,-2.466027737,-1.419761658,-0.619258761,8.731176376,0.364254236,995.7315674,308.5420837,308.1098022,67.67022705,44.43399048,403.456604,0
6138,1.903390408,-2.521094322,-1.33835876,-0.621124089,8.731176376,0.354661554,995.7315674,308.5420837,308.7862549,67.62004089,44.31068039,403.6276245,0
6148,1.699883223,-2.45405674,-1.539471745,-0.621124089,8.731176376,0.343203664,995.7315674,308.5420837,309.4622192,67.57074738,44.18804169,403.814209,0
6158,2.161964178,-2.41574955,-1.683123827,-0.619525254,8.731176376,0.332012266,995.7315674,308.5420837,309.9250183,67.17739105,44.06578445,403.781311,0
6168,2.00873518,-2.449268341,-1.292868972,-0.615528286,8.731176376,0.323485464,995.444519,310.9572449,310.5965576,67.12762451,43.94319153,403.9557495,0
6178,1.843535304,-2.403778553,-1.309628367,-0.611531377,8.731176376,0.318689138,995.444519,310.9572449,311.2675781,67.0788269,43.82105255,404.1311646,0
6188,2.099714994,-2.442085743,-1.352723956,-0.609133244,8.731176376,0.315491587,995.444519,310.9572449,311.9381104,67.03132629,43.6985321,404.3040161,0
6198,1.968033791,-2.432508945,-1.407790542,-0.6056692,8.731176376,0.311494648,995.444519,310.9572449,312.3907166,66.63430786,43.57610703,404.2763672,0
6208,1.987187386,-2.461239338,-1.295263171,-0.605402768,8.731176376,0.308030635,995.1592407,313.3584595,313.0568237,66.58631897,43.45339584,404.4497375,0
6218,2.00873518,-2.422932148,-1.259350061,-0.606468618,8.731176376,0.305099547,995.1592407,313.3584595,313.7224426,66.53931427,43.33106613,404.6242065,0
6228,1.903390408,-2.45166254,-1.139639974,-0.611264884,8.731176376,0.301102608,995.1592407,313.3584595,314.3876343,66.49358368,43.20845032,404.7963867,0
6238,1.951274395,-2.353500366,-1.268926859,-0.612330794,8.731176376,0.292575806,994.8789063,315.7182617,315.1391296,66.58789825,43.08681488,405.0732422,0
6248,2.032677174,-2.288856745,-1.065419793,-0.612064302,8.731176376,0.291776419,994.8789063,315.7182617,315.8048096,66.54484558,42.96582794,405.2580261,0
6258,2.030282974,-2.365471363,-0.972045898,-0.614462495,8.731176376,0.289911181,994.8789063,315.7182617,316.4700317,66.50327301,42.84407425,405.4390869,0
6268,1.805228114,-2.396595955,-1.070208192,-0.616860628,8.731176376,0.282183766,994.8789063,315.7182617,317.1348572,66.46297455,42.72200775,405.6183777,0
6278,1.833958507,-2.370259762,-1.194706678,-0.620591104,8.731176376,0.272058189,994.6019287,318.0505676,317.8317261,66.47557068,42.60020447,405.830658,0
6288,1.661576033,-2.422932148,-0.912190855,-0.623788714,8.731176376,0.260067374,994.6019287,318.0505676,318.4963074,66.43807983,42.47787476,406.0255432,0
6298,1.917755604,-2.353500366,-1.180341482,-0.633647799,8.731176376,0.252339959,994.6019287,318.0505676,319.1604919,66.40138245,42.35623932,406.2111511,0
6308,1.673547029,-2.355894566,-1.106121182,-0.636578858,8.731176376,0.243546709,994.6019287,318.0505676,319.8243103,66.36582947,42.23458099,406.3961792,0
6318,1.529894829,-2.370259762,-1.206677675,-0.63471365,8.731176376,0.231022969,994.3250122,320.3823853,320.4743042,66.30993652,42.11277771,406.5664368,0
6328,1.683123827,-2.363077164,-1.063025594,-0.632315457,8.731176376,0.21663399,994.3250122,320.3823853,321.1372375,66.27649689,41.99104691,406.7647705,0
6338,1.606509328,-2.341529369,-1.386242747,-0.627785623,8.731176376,0.200379789,994.3250122,320.3823853,321.7998352,66.2440567,41.86952972,406.9541626,0
6348,1.759738207,-2.370259762,-1.053448796,-0.619525254,8.731176376,0.1854579,994.3250122,320.3823853,322.4621277,66.212883,41.74772644,407.1419983,0
6358,1.78368032,-2.255337954,-1.098938584,-0.607534468,8.731176376,0.172401235,994.0515747,322.6856995,323.0684814,66.09327698,41.62707138,407.2783813,0
6368,1.78128612,-2.276885748,-1.055842996,-0.594477832,8.731176376,0.166539043,994.0515747,322.6856995,323.729248,66.06302643,41.5062027,407.4803162,0
6378,1.74776721,-2.33913517,-1.170764685,-0.583552837,8.731176376,0.159611031,994.0515747,322.6856995,324.38974,66.03418732,41.38471222,407.6728821,0
6388,1.778891921,-2.298433542,-1.168370485,-0.575292528,8.731176376,0.150284842,993.7779541,324.9910583,325.0499268,66.00615692,41.2636261,407.8661194,0
6398,1.800439715,-2.298433542,-1.158793569,-0.56516695,8.731176376,0.144689128,993.7779541,324.9910583,325.6192627,65.83422089,41.14253998,407.9689331,0
6408,2.00873518,-2.22900176,-1.592144132,-0.550777912,8.731176376,0.140958652,993.7779541,324.9910583,326.2774658,65.80664063,41.02214813,408.1630249,0
6418,2.183511972,-2.214636564,-1.237802267,-0.536921918,8.731176376,0.143090352,993.7779541,324.9910583,326.9354248,65.77996063,40.90190125,408.3724365,0
6428,1.611297727,-2.248155355,-1.37666595,-0.527329266,8.731176376,0.151350692,993.5078125,327.2678528,327.5931091,65.75445557,40.78131866,408.5704651,0
6438,2.33913517,-2.236184359,-1.326387763,-0.516670763,8.731176376,0.163341507,993.5078125,327.2678528,328.1273804,65.53224182,40.66085815,408.6456604,0
6448,2.250549555,-2.190694571,-0.837970614,-0.504146993,8.731176376,0.17559877,993.5078125,327.2678528,328.7825928,65.50665283,40.54085159,408.8430481,0
6458,1.89860189,-2.130839586,-0.998382092,-0.497751892,8.731176376,0.193451747,993.5078125,327.2678528,329.4375305,65.48161316,40.42144394,409.0552063,0
6468,1.975216389,-2.202665567,-1.017535686,-0.495620191,8.731176376,0.211304754,993.2410889,329.5161133,330.0922241,65.45792389,40.30131912,409.256897,0
6478,2.202665567,-2.178723574,-0.852335811,-0.496686071,8.731176376,0.228624806,993.2410889,329.5161133,330.5931702,65.18761444,40.18143082,409.3057861,0
6488,1.838746905,-2.212242365,-0.59376204,-0.499883622,8.731176376,0.243013784,993.2410889,329.5161133,331.2449341,65.16372681,40.06120682,409.5040588,0
6498,1.917755604,-2.183511972,-1.103726983,-0.506811619,8.731176376,0.256070435,993.2410889,329.5161133,331.8964539,65.14054871,39.94127274,409.7030334,0
6508,1.616086125,-2.133233786,-0.849941611,-0.515071988,8.731176376,0.262199074,992.9743042,331.7653809,332.5477295,65.11794281,39.82184219,409.9194031,0
6518,1.505952835,-2.214636564,-0.74459672,-0.52146709,8.731176376,0.265130162,992.9743042,331.7653809,333.0206299,64.8079834,39.70159531,409.9438171,0
6528,1.697489023,-2.123656988,-0.727837324,-0.528928041,8.731176376,0.262998462,992.9743042,331.7653809,333.6685791,64.7846756,39.58226013,410.1466064,0
6538,1.247379065,-2.133233786,-0.921767652,-0.537454844,8.731176376,0.258468598,992.7109375,333.9865723,334.3163147,64.76232147,39.46282959,410.348877,0
6548,1.422155857,-2.159569979,-0.9648633,-0.546248078,8.731176376,0.247543648,992.7109375,333.9865723,334.9638367,64.74103546,39.34313202,410.5626526,0
6558,1.072602391,-2.080561161,-0.940921247,-0.554241955,8.731176376,0.232621744,992.7109375,333.9865723,335.4096375,64.39151764,39.22422791,410.5701294,0
6568,1.403002143,-2.140416384,-1.058237195,-0.555041373,8.731176376,0.217699856,992.7109375,333.9865723,336.0534363,64.36911011,39.10472488,410.7731934,0
6578,1.101332784,-2.114080191,-1.230619669,-0.548912704,8.731176376,0.199846849,992.4492188,336.1942139,336.696991,64.34741974,38.98548508,410.9768677,0
6588,1.295263171,-2.121262789,-1.254561663,-0.539586544,8.731176376,0.181194484,992.4492188,336.1942139,337.3403625,64.32665253,38.86617279,411.1801147,0
6598,1.288080573,-2.102109194,-1.26653266,-0.527329266,8.731176376,0.166805506,992.4492188,336.1942139,337.7619019,63.94257355,38.74705124,411.1781311,0
6608,1.297657371,-2.085349798,-0.979228497,-0.511874437,8.731176376,0.152416542,992.4492188,336.1942139,338.4012146,63.92015076,38.62809753,411.383606,0
6618,1.611297727,-2.049436569,-1.431732655,-0.494554371,8.731176376,0.143090352,992.190918,338.37323,339.0402832,63.89831543,38.50950241,411.590332,0
6628,1.707065821,-2.080561161,-1.345541358,-0.478566617,8.731176376,0.137494639,992.190918,338.37323,339.6791687,63.87749481,38.3905983,411.7956238,0
6638,1.529894829,-2.063801765,-1.244984865,-0.463378251,8.731176376,0.136428788,992.190918,338.37323,340.0770264,63.45890808,38.27186203,411.7736511,0
6648,1.948880196,-2.030282974,-1.285686255,-0.44872281,8.731176376,0.143090352,992.190918,338.37323,340.7114868,63.43586349,38.15345764,411.9814453,0
6658,2.025494576,-2.006340981,-1.15400517,-0.434600294,8.731176376,0.151084229,991.9325562,340.5532227,341.3457336,63.41340637,38.03529358,412.1900024,0
6668,1.874659896,-1.999158382,-0.790086567,-0.418879032,8.731176376,0.162009194,991.9325562,340.5532227,341.9797363,63.39162445,37.917202,412.3982849,0
6678,2.236184359,-1.956062794,-0.811634362,-0.404223561,8.731176376,0.178263396,991.9325562,340.5532227,342.3582153,62.94477463,37.79954147,412.3525085,0
6688,2.130839586,-1.922544003,-0.588973641,-0.402358323,8.731176376,0.201978564,991.6759644,342.7191467,342.9875488,62.92020416,37.68221664,412.5749512,0
6698,1.766920805,-1.984793186,-0.325611442,-0.405822366,8.731176376,0.230223581,991.6759644,342.7191467,343.6166382,62.89674377,37.56427002,412.7841797,0
6708,1.910573006,-1.956062794,-0.08379706,-0.418346077,8.731176376,0.254205197,991.6759644,342.7191467,344.2454834,62.87377548,37.4466095,412.9938354,0
6718,1.59693253,-1.936909199,0.10295067,-0.441794783,8.731176376,0.266196012,991.6759644,342.7191467,344.6066895,62.40262604,37.32913971,412.9367065,0
6728,1.537077546,-1.922544003,-0.08379706,-0.470306277,8.731176376,0.268594176,991.4226685,344.8574219,345.2305908,62.3769722,37.21181488,413.1559448,0
6738,1.654393315,-1.996764183,-0.10295067,-0.500949442,8.731176376,0.264597237,991.4226685,344.8574219,345.854248,62.35255814,37.09374619,413.3640747,0
6748,1.429338455,-1.944091797,0.04070143,-0.5339908,8.731176376,0.257402748,991.4226685,344.8574219,346.4776611,62.32853699,36.97620392,413.5739441,0
6758,1.48679924,-1.939303398,0.117315881,-0.567831576,8.731176376,0.244879022,991.4226685,344.8574219,346.8218994,61.83410645,36.85871124,413.5048828,0
6768,1.584961534,-1.948880196,-0.081402861,-0.600073516,8.731176376,0.228891268,991.1727905,346.9670715,347.4401245,61.807621,36.7411232,413.7089539,0
6778,1.570596337,-1.941697598,-0.201112941,-0.625120997,8.731176376,0.211038291,991.1727905,346.9670715,348.058075,61.78189468,36.62360764,413.9293823,0
6788,1.405396342,-1.956062794,0.119710088,-0.645905018,8.731176376,0.195583463,991.1727905,346.9670715,348.6757813,61.75708389,36.50594711,414.1380005,0
6798,1.386242747,-1.999158382,0.031124622,-0.669353783,8.731176376,0.180661559,991.1727905,346.9670715,349.0033264,61.24079895,36.38785553,414.0549927,0
6808,1.278503656,-1.975216389,-0.272938997,-0.694667637,8.731176376,0.160410419,990.9246216,349.0630798,349.6156006,61.21354675,36.27000427,414.2575684,0
6818,1.367089152,-2.011129379,-0.308852017,-0.717316985,8.731176376,0.134297088,990.9246216,349.0630798,350.2276001,61.18739319,36.15179443,414.4720459,0
6828,1.460463047,-1.982398987,-0.579396784,-0.725044429,8.731176376,0.103653908,990.9246216,349.0630798,350.8393555,61.16188812,36.0338707,414.6792908,0
6838,1.484405041,-1.977610588,-0.538695395,-0.721580386,8.731176376,0.073543645,990.6798706,351.1303711,351.4107971,61.06878281,35.91599274,414.8460083,0
6848,2.085349798,-1.905784607,-0.924161851,-0.711454809,8.731176376,0.047163859,990.6798706,351.1303711,352.0213623,61.04380035,35.79883575,415.0541992,0
6858,1.673547029,-1.89620769,-1.072602391,-0.699464023,8.731176376,0.032508422,990.6798706,351.1303711,352.6316833,61.01955032,35.68177414,415.2625732,0
6868,2.207453966,-1.8579005,-0.543483794,-0.685874403,8.731176376,0.025846859,990.6798706,351.1303711,353.2417603,60.99580383,35.56509399,415.4880371,0
6878,2.458845139,-1.953668594,-0.40940848,-0.678147018,8.731176376,0.02691271,990.4333496,353.2131958,353.7715454,60.83626175,35.44745636,415.6191711,0
6888,1.951274395,-1.953668594,-0.916979253,-0.670952559,8.731176376,0.035705972,990.4333496,353.2131958,354.3797913,60.81356049,35.32981873,415.8285522,0
6898,2.023100376,-1.893813491,-1.127668977,-0.659761071,8.731176376,0.047430322,990.4333496,353.2131958,354.987793,60.79114532,35.21278,416.039856,0
6908,2.178723574,-1.920149803,-0.258573771,-0.641375184,8.731176376,0.057822358,990.4333496,353.2131958,355.5955811,60.76964188,35.09547806,416.2635193,0
6918,1.790862918,-1.869871497,-0.349553436,-0.629384398,8.731176376,0.067415006,990.1885986,355.2818298,356.0873108,60.54895401,34.97867966,416.3644409,0
6928,1.936909199,-1.879448295,-0.679953277,-0.623788714,8.731176376,0.072477795,990.1885986,355.2818298,356.692688,60.52679825,34.86178589,416.5787659,0
6938,1.893813491,-1.845929503,-0.708683729,-0.622456372,8.731176376,0.076741189,990.1885986,355.2818298,357.297821,60.50505066,34.74522781,416.7935486,0
6948,2.006340981,-1.805228114,-0.289698392,-0.620857537,8.731176376,0.078606427,990.1885986,357.3363342,357.9027405,60.48364258,34.6290741,417.0098267,0
6958,1.991975784,-1.807622313,-0.143652096,-0.621390522,8.731176376,0.078606427,989.9454956,357.3363342,358.3597412,60.20771408,34.51289749,417.0940552,0
6968,2.262520552,-1.769315004,-0.577002585,-0.622189879,8.731176376,0.084735066,989.9454956,357.3363342,358.9617004,60.18511963,34.39710617,417.3136902,0
6978,1.836352706,-1.879448295,-0.18674773,-0.620058179,8.731176376,0.092995405,989.9454956,357.3363342,359.563446,60.16401291,34.2802124,417.5291443,0
6988,1.872265697,-1.788468719,-0.155623108,-0.624055147,8.731176376,0.098857582,989.7081299,359.3428345,360.1650085,60.14280319,34.16422653,417.7476807,0
6998,2.013523579,-1.829170108,-0.196324542,-0.635246515,8.731176376,0.103920363,989.7081299,359.3428345,360.5862122,59.81059265,34.0478363,417.7979431,0
7008,1.8602947,-1.81959331,-0.193930343,-0.646437943,8.731176376,0.106052071,989.7081299,359.3428345,361.1842041,59.78818893,33.93154144,418.0170593,0
7018,1.673547029,-1.826775908,-0.253785372,-0.653898895,8.731176376,0.106052071,989.7081299,359.3428345,361.7819519,59.76644897,33.8151741,418.2356567,0
7028,1.903390408,-1.81959331,-0.366312861,-0.661093354,8.731176376,0.101255737,989.4717407,361.3419189,362.3795166,59.74524689,33.69887924,418.4541321,0
7038,1.656787634,-1.802833915,-0.162805721,-0.667754948,8.731176376,0.097525269,989.4717407,361.3419189,362.7693481,59.36444092,33.58275223,418.4653015,0
7048,1.584961534,-1.764526606,-0.107739076,-0.676015317,8.731176376,0.090863705,989.4717407,361.3419189,363.3628845,59.34090805,33.46700668,418.6977539,0
7058,1.865083098,-1.766920805,-0.366312861,-0.683476269,8.731176376,0.081004597,989.4717407,361.3419189,363.9561768,59.31797409,33.35123825,418.9187927,0
7068,1.513135433,-1.745373011,-0.545877993,-0.686940312,8.731176376,0.07087902,989.2313232,363.3752441,364.5492249,59.29543304,33.23568344,419.1405029,0
7078,1.608903527,-1.752555609,-0.318428814,-0.685341477,8.731176376,0.056756508,989.2313232,363.3752441,364.9171753,58.88274384,33.12005615,419.1364746,0
7088,1.977610588,-1.78128612,-0.284909993,-0.684009135,8.731176376,0.046630934,989.2313232,363.3752441,365.5058899,58.85829544,33.00414276,419.3660278,0
7098,1.719036818,-1.814804912,-0.169988319,-0.681078076,8.731176376,0.039169986,989.2313232,365.374054,366.0943604,58.83465958,32.88789368,419.585968,0
7108,1.82198751,-1.771709204,-0.430956304,-0.678147018,8.731176376,0.031709034,988.9949951,365.374054,366.6825867,58.81119156,32.77207565,419.8070068,0
7118,1.807622313,-1.745373011,-0.155623108,-0.673617184,8.731176376,0.027445635,988.9949951,365.374054,367.0285339,58.36703873,32.65652084,419.7862244,0
7128,1.812410712,-1.74776721,0.059855044,-0.667488515,8.731176376,0.027712099,988.9949951,365.374054,367.6120911,58.34082794,32.54094315,420.0031128,0
7138,1.738190413,-1.685518026,-0.04070143,-0.666156173,8.731176376,0.025846859,988.7603149,367.3597107,368.1953735,58.31457901,32.42598724,420.2381592,0
7148,1.769315004,-1.750161409,-0.162805721,-0.66588974,8.731176376,0.018385911,988.7603149,367.3597107,368.7784119,58.2893486,32.31038666,420.4598083,0
7158,1.810016513,-1.716642618,-0.052672438,-0.664557397,8.731176376,0.009326187,988.7603149,367.3597107,369.1051331,57.81870651,32.19512177,420.4260559,0
7168,1.807622313,-1.711854219,-0.229843363,-0.666689157,8.731176376,0.004529862,988.7603149,367.3597107,369.6831665,57.79032135,32.07990265,420.6436768,0
7178,2.027888775,-1.754949808,-0.244208574,-0.672284842,8.730643272,-0.000799387,988.5273438,369.3311462,370.2609253,57.76274872,31.96425247,420.8734131,0
7188,1.740584612,-1.673547029,-0.426167905,-0.67628181,8.714655876,-0.006928025,988.5273438,369.3311462,370.8384094,57.73491669,31.84941673,421.0969543,0
7198,2.051830769,-1.733402014,-0.29688102,-0.675748825,8.701598167,-0.006661562,988.5273438,369.3311462,371.1484375,57.24282837,31.73398209,421.0510559,0
7208,2.161964178,-1.67115283,-0.653617084,-0.672817767,8.688009262,0.002398162,988.5273438,369.3311462,371.7207031,57.21191406,31.61917114,421.2696228,0
7218,1.695094824,-1.750161409,-0.246602774,-0.66375798,8.670688629,0.011990812,988.2960815,371.2883911,372.2926636,57.18207932,31.50356865,421.4850464,0
7228,1.951274395,-1.695094824,-0.51954174,-0.650434852,8.652835846,0.019984685,988.2960815,371.2883911,372.8643188,57.15215302,31.38851738,421.7181396,0
7238,1.939303398,-1.640028119,-0.440533102,-0.640842259,8.637913704,0.02904441,988.2960815,371.2883911,373.1599121,56.6419754,31.27401733,421.6659546,0
7248,1.814804912,-1.647210717,-0.416591108,-0.63258189,8.61952877,0.033307809,988.2960815,373.217865,373.7261353,56.6083374,31.15944481,421.8841858,0
7258,1.738190413,-1.668758631,-0.385466486,-0.628318548,8.603274345,0.035972435,988.0681152,373.217865,374.2920532,56.57522964,31.04465675,422.1011658,0
7268,1.795651317,-1.735796213,-0.356736064,-0.622189879,8.586753845,0.038637057,988.0681152,373.217865,374.857666,56.54304504,30.92919922,422.3294983,0
7278,1.836352706,-1.592144132,-0.567425787,-0.615261853,8.566502571,0.041834611,988.0681152,373.217865,375.1392822,56.01608658,30.81517792,422.2700195,0
7288,1.707065821,-1.613691926,-0.754173517,-0.608866811,8.547050476,0.045032158,987.8435669,375.118988,375.6992493,55.97932816,30.70094109,422.487915,0
7298,1.908178806,-1.59932673,-0.466869324,-0.602205217,8.527332306,0.049295556,987.8435669,375.118988,376.2588501,55.94273758,30.58684731,422.7060547,0
7308,1.793257117,-1.577778935,-0.244208574,-0.599274099,8.514808655,0.055690661,987.8435669,375.118988,376.8180847,55.90624237,30.47296906,422.9242554,0
7318,1.881842494,-1.565807939,-0.426167905,-0.596875966,8.503084183,0.061552834,987.8435669,375.118988,377.0860596,55.36360168,30.35921097,422.8677063,0
7328,1.690306425,-1.496376038,-0.541089594,-0.591813207,8.486829758,0.066882081,987.6191406,377.019989,377.6394958,55.32268906,30.24614716,423.0880127,0
7338,1.759738207,-1.517923832,-0.792480767,-0.587016821,8.462581635,0.071678407,987.6191406,377.019989,378.1925049,55.28222275,30.13286781,423.3069763,0
7348,1.855506301,-1.510741234,-0.208295554,-0.582220554,8.433004379,0.078339972,987.6191406,377.019989,378.7451172,55.24193954,30.01966095,423.5257263,0
7358,1.836352706,-1.515529633,-0.174776718,-0.57555896,8.405025482,0.085001536,987.6191406,377.019989,379.0036011,54.69070816,29.9064064,423.4634094,0
7368,1.738190413,-1.534683347,-0.466869324,-0.571562052,8.378113747,0.087399691,987.4003296,378.8733215,379.550293,54.64681244,29.79295921,423.6808167,0
7378,1.939303398,-1.474828243,-0.694318473,-0.568630934,8.353065491,0.095393561,987.4003296,378.8733215,380.0965576,54.60259628,29.68011093,423.899353,0
7388,1.764526606,-1.474828243,-0.294486821,-0.568630934,8.333880424,0.108183771,987.4003296,378.8733215,380.6423645,54.55858994,29.56726265,424.1175842,0
7398,1.97042799,-1.505952835,-0.270544797,-0.570229709,8.315494537,0.118842266,987.4003296,380.7322083,381.1289368,54.41270065,29.45410347,424.2755737,0
7408,1.958456993,-1.462857246,-0.507570744,-0.570496202,8.29391098,0.130833074,987.1768799,380.7661133,381.6728516,54.36812592,29.34137535,424.5076904,0
7418,1.702277422,-1.460463047,-0.301669419,-0.571562052,8.271794319,0.143090352,987.1768799,380.7661133,382.2163086,54.32372665,29.22867012,424.7289734,0
7428,1.733402014,-1.458068848,-0.316034615,-0.577157736,8.258737564,0.151883617,987.1768799,380.7661133,382.7593384,54.27949524,29.11598969,424.9501343,0
7438,1.721431017,-1.52510643,-0.129286885,-0.58381933,8.247013092,0.156147003,986.9607544,382.597168,383.2108459,54.07747269,29.00263786,425.0775452,0
7448,1.649604917,-1.438915253,-0.220266551,-0.590747297,8.236354828,0.156413481,986.9607544,382.597168,383.7514038,54.03207779,28.89014816,425.3089294,0
7458,1.520318031,-1.474828243,-0.407014281,-0.598208308,8.225696564,0.156147003,986.9607544,382.597168,384.2915039,53.98719025,28.77729988,425.5318604,0
7468,1.577778935,-1.489193439,-0.196324542,-0.604336917,8.213172913,0.153482378,986.9607544,382.597168,384.8311768,53.94260788,28.66430855,425.7536316,0
7478,1.589749932,-1.474828243,-0.169988319,-0.612597227,8.197451591,0.147886679,986.7446899,384.4280396,385.2485046,53.68563461,28.55146027,425.8535461,0
7488,1.438915253,-1.460463047,-0.392649084,-0.619791746,8.183861732,0.145488501,986.7446899,384.4280396,385.7851257,53.63928223,28.43875504,426.0730896,0
7498,1.55862534,-1.465251446,-0.526724398,-0.622722805,8.164410591,0.14282389,986.7446899,384.4280396,386.3212891,53.59313202,28.32600212,426.3069153,0
7508,1.611297727,-1.465251446,-0.344765037,-0.622189879,8.146024704,0.137228176,986.7446899,384.4280396,386.8569641,53.54713058,28.21324921,426.5308228,0
7518,1.63523972,-1.438915253,-0.323217243,-0.621656954,8.128704071,0.132698312,986.5303345,386.2451477,387.2436829,53.24192429,28.10075951,426.6062622,0
7528,1.663970232,-1.434126854,-0.440533102,-0.622989297,8.118312836,0.131366,986.5303345,386.2451477,387.7758484,53.19365311,27.98831749,426.8271484,0
7538,1.522712231,-1.400607944,-0.363918662,-0.625920355,8.099126816,0.127635539,986.5303345,386.2451477,388.3075256,53.14519501,27.87621117,427.048645,0
7548,1.685518026,-1.438915253,-0.16759412,-0.626186788,8.082872391,0.126303226,986.5303345,388.0348816,388.8387451,53.09721756,27.76372147,427.2857666,0
7558,1.67115283,-1.436521053,-0.189141929,-0.630716681,8.068483353,0.123905048,986.3192139,388.0348816,389.1965332,52.74713516,27.65125656,427.3374939,0
7568,1.623268723,-1.41257906,-0.282515794,-0.633381307,8.054894447,0.122572735,986.3192139,388.0348816,389.7237549,52.69648743,27.53903008,427.5594788,0
7578,1.513135433,-1.379060149,-0.395043284,-0.637111843,8.04023838,0.121240422,986.3192139,388.0348816,390.2504883,52.64562225,27.42713928,427.7815247,0
7588,1.549048543,-1.391031146,-0.289698392,-0.639776468,8.024518013,0.120174579,986.1116333,389.7946777,390.7767029,52.59496689,27.31512833,428.0171204,0
7598,1.367089152,-1.395819545,-0.347159237,-0.640042901,8.010662079,0.116444103,986.1116333,389.7946777,391.1068115,52.20209885,27.20306969,428.0475159,0
7608,1.532289028,-1.369483352,-0.241814375,-0.640575767,7.996006012,0.112447165,986.1116333,389.7946777,391.6285706,52.14839172,27.09127426,428.2701721,0
7618,1.501164436,-1.403002143,-0.407014281,-0.638977051,7.981350422,0.108183771,986.1116333,389.7946777,392.1497803,52.09507751,26.97914505,428.4913025,0
7628,1.393425345,-1.352723956,-0.359130263,-0.632848382,7.961099148,0.099923424,985.9040527,391.5552673,392.6704712,52.04135132,26.86751747,428.7134705,0
7638,1.55862534,-1.331176162,-0.016759412,-0.626986206,7.948308945,0.09246248,985.9040527,391.5552673,392.978241,51.61501312,26.75610542,428.7394104,0
7648,1.630451322,-1.343147159,-0.308852017,-0.625120997,7.934719563,0.084735066,985.9040527,391.5552673,393.4941101,51.55800629,26.64457321,428.9621277,0
7658,1.584961534,-1.345541358,-0.045489833,-0.625653923,7.92113018,0.075142421,985.9040527,391.5552673,394.0094299,51.50107193,26.53301811,429.18396,0
7668,1.628057122,-1.321599364,-0.385466486,-0.62645334,7.90780735,0.06981317,985.6980591,393.3026123,394.5241699,51.44394684,26.42170143,429.4060059,0
7678,1.608903527,-1.352723956,-0.268150598,-0.628584981,7.892085552,0.070346095,985.6980591,393.3026123,394.8126526,50.99051666,26.31007385,429.4144287,0
7688,1.55862534,-1.379060149,0.009576807,-0.631516039,7.876098156,0.071678407,985.6980591,393.3026123,395.3222656,50.93047714,26.19818306,429.6351624,0
7698,1.623268723,-1.331176162,0.138863698,-0.635246515,7.861442566,0.072211333,985.6980591,395.0209656,395.8312683,50.87000656,26.08677101,429.8565063,0
7708,1.618480325,-1.297657371,-0.229843363,-0.636578858,7.84412241,0.06981317,985.4954834,395.0209656,396.3396606,50.80923462,25.97569466,430.0227661,3
7718,1.568202138,-1.302445769,-0.225054964,-0.637111843,7.832131386,0.065016843,985.4954834,395.0209656,396.6096497,50.32970047,25.86457062,430.0008545,3.299999952
7728,1.656787634,-1.381454349,0.026336219,-0.636045933,7.82120657,0.063151613,985.4954834,395.0209656,397.1126404,50.26601791,25.75265694,430.1806335,6.300000191
7738,1.623268723,-1.297657371,0.023942016,-0.636045933,7.809482098,0.061819296,985.2929688,396.7391052,397.6149597,50.20153427,25.64158058,430.350769,9.300000191
7748,1.455674648,-1.37427175,-0.01436521,-0.635513008,7.804686069,0.060486984,985.2929688,396.7391052,398.1166687,50.13779068,25.52973747,430.519928,12.30000019
7758,1.527500629,-1.283292055,0.011971008,-0.638977051,7.801754951,0.05489127,985.2929688,396.7391052,398.3727722,49.64091492,25.41880417,430.4606628,15.30000019
7768,1.625662923,-1.295263171,0.181959331,-0.644306302,7.804952145,0.050361406,985.2929688,396.7391052,398.8688354,49.57254028,25.3077507,430.6350708,18.29999924
7778,1.479616642,-1.314416766,0.258573771,-0.647503793,7.805219173,0.044499233,985.09375,398.4298096,399.3642273,49.50433731,25.1965065,430.8095398,21.29999924
7788,1.513135433,-1.30005157,0.478840351,-0.652300179,7.800422668,0.040502299,985.09375,398.4298096,399.8589478,49.43598557,25.08540535,430.9846497,24.29999924
7798,1.517923832,-1.22822547,-0.18435353,-0.661093354,7.792961597,0.033574272,985.09375,398.4298096,400.1018677,48.92298889,24.97502327,430.9260864,27.29999924
7808,1.419761658,-1.331176162,0.217872351,-0.669353783,7.787899017,0.025846859,985.09375,398.4298096,400.5907288,48.85093689,24.86361122,431.103241,30.29999924
7818,1.242590666,-1.352723956,-0.299275219,-0.675748825,7.781770706,0.015454824,984.9013062,400.0628052,401.0788574,48.77906799,24.75198364,431.280304,33.29999924
7828,1.460463047,-1.297657371,-0.517147541,-0.676548243,7.768447399,0.0063951,984.9013062,400.0628052,401.5662842,48.70664215,24.64090729,431.4589844,36.29999924
7838,1.18991828,-1.268926859,-0.351947635,-0.679479301,7.756455898,-0.00319755,984.9013062,400.0628052,401.7927551,48.17321396,24.53011894,431.3944702,39.29999924
7848,1.307234168,-1.302445769,0.04070143,-0.675482392,7.745265007,-0.014122511,984.9013062,401.5246277,402.2740784,48.09669113,24.4189949,431.5751343,42.29999924
7858,1.369483352,-1.292868972,-0.021547815,-0.670952559,7.737803936,-0.025580399,984.729126,401.5246277,402.7546387,48.0200386,24.30796623,431.7564392,45.29999924
7868,1.405396342,-1.309628367,-0.076614454,-0.669620216,7.727678299,-0.037038282,984.729126,401.5246277,403.234436,47.94350433,24.19676971,431.937561,48.29999924
7878,1.173158884,-1.381454349,0.160411507,-0.668021441,7.709292412,-0.049029093,984.729126,401.5246277,403.4268799,47.35985184,24.08485603,431.8467102,51.29999924
7888,1.194706678,-1.30005157,-0.079008654,-0.664290965,7.694104195,-0.060753446,984.5654907,402.9140015,403.9000854,47.27870941,23.97375488,432.0293884,54.29999924
7898,1.381454349,-1.33835876,-0.095768064,-0.658162296,7.678116322,-0.074343033,984.5654907,402.9140015,404.372467,47.19787979,23.86227036,432.2113342,57.29999924
7908,1.244984865,-1.295263171,-0.047884032,-0.644839168,7.662928104,-0.087399691,984.5654907,402.9140015,404.8440552,47.11660004,23.75121689,432.3940125,60.29999924
7918,1.470039845,-1.314416766,-0.562637389,-0.640309334,7.648006439,-0.098324656,984.5654907,402.9140015,405.000061,46.47796631,23.63997269,432.2782288,63.29999924
7928,1.441309452,-1.419761658,-0.299275219,-0.632049024,7.624290943,-0.105519146,984.4067383,404.2617188,405.4644165,46.39297104,23.52767563,432.4588013,66.30000305
7938,1.319205165,-1.367089152,-0.390254885,-0.610732019,7.602707386,-0.106318533,984.4067383,404.2617188,405.9279175,46.30744553,23.415905,432.640564,69.30000305
7948,1.527500629,-1.355118155,-0.560243189,-0.590480864,7.576060772,-0.103920363,984.4067383,404.2617188,406.390564,46.22176743,23.30425453,432.8482361,70
7958,1.527500629,-1.276109457,-0.117315881,-0.56516695,7.552079678,-0.10178867,984.4067383,404.2617188,406.5123901,45.53404617,23.19339371,432.7390442,70
7968,1.687912226,-1.233013868,-0.366312861,-0.543583453,7.529163837,-0.094327718,984.2514038,405.5808411,406.9672852,45.44219208,23.08296394,432.9546204,70
7978,1.604115129,-1.242590666,-0.397437483,-0.527062774,7.503849983,-0.087666154,984.2514038,405.5808411,407.4212341,45.35039902,22.97243881,433.1684265,70
7988,1.295263171,-1.331176162,-0.48362875,-0.504946411,7.478802204,-0.078339972,984.2514038,405.5808411,407.8742676,45.2593689,22.86102676,433.3796692,70
7998,1.273715258,-1.359906554,-0.514753342,-0.49029094,7.454820633,-0.067947932,984.2514038,406.8708801,408.1352844,44.83156967,22.74932861,433.3980713,70
8008,1.383848548,-1.350329757,-0.842759013,-0.475901991,7.432704449,-0.055157732,984.0995483,406.8708801,408.5831299,44.73794556,22.63772583,433.6188965,70
8018,1.496376038,-1.371877551,0.079008654,-0.466042876,7.409255505,-0.044765696,984.0995483,406.8708801,409.0300598,44.64448929,22.52590752,433.8278503,70
8028,1.403002143,-1.470039845,-0.330399841,-0.458315462,7.386340141,-0.033041347,984.0995483,406.8708801,409.4760437,44.55186844,22.41310692,434.033783,70
8038,1.276109457,-1.460463047,-0.287304193,-0.453785598,7.360759258,-0.02051761,983.9492798,408.1469421,409.6881409,44.05016708,22.30040169,434.0057678,70
8048,1.575384736,-1.309628367,-0.361524463,-0.451653898,7.33118248,-0.009859112,983.9492798,408.1469421,410.1281433,43.95295715,22.18920517,434.2089233,70
8058,1.587355733,-1.304839969,-0.287304193,-0.450055122,7.302670479,0.002398162,983.9492798,408.1469421,410.5671997,43.85570145,22.07805634,434.4278564,70
8068,1.673547029,-1.33835876,-0.330399841,-0.447923422,7.277889729,0.01385605,983.9492798,408.1469421,411.0052795,43.75872421,21.96657181,434.6334839,70
8078,1.319205165,-1.515529633,-0.397437483,-0.446591109,7.248311996,0.030376723,983.7990723,409.4231567,411.1773987,43.20089722,21.85331726,434.5691223,70
8088,1.70946002,-1.209071875,-0.02873042,-0.446857601,7.216070175,0.042900458,983.7990723,409.4231567,411.6088867,43.0994339,21.74312592,434.7707214,70
8098,1.41257906,-1.364694953,-0.325611442,-0.447390497,7.185960293,0.054358348,983.7990723,409.4231567,412.0393982,42.99926376,21.63137817,434.9805603,70
8108,1.084573388,-1.30005157,-0.095768064,-0.452186853,7.159314156,0.064483918,983.7990723,409.4231567,412.4689026,42.89857864,21.52027702,435.183197,70
8118,1.290474772,-1.26653266,-0.292092621,-0.459647775,7.123608112,0.075941809,983.6387329,410.7853088,412.620575,42.31860733,21.40951157,435.108551,70
8128,1.45088625,-1.395819545,0.533906996,-0.470839173,7.080174446,0.083669223,983.6387329,410.7853088,413.0432434,42.21537399,21.29745293,435.3020325,70
8138,1.33835876,-1.242590666,0.636857629,-0.479632467,7.037540436,0.090597242,983.6387329,410.7853088,413.4648743,42.1109581,21.1869278,435.4976501,70
8148,1.058237195,-1.283292055,-0.08379706,-0.487892807,6.989843845,0.095926493,983.6387329,412.2486572,413.8854675,42.00689697,21.07599449,435.7053528,70
8158,1.340752959,-1.343147159,0.222660765,-0.489758044,6.957602024,0.099923424,983.4665527,412.2486572,414.0361633,41.44270325,20.96446228,435.6329956,70
8168,1.127668977,-1.252167463,0.426167905,-0.500949442,6.928557396,0.104453288,983.4665527,412.2486572,414.4500427,41.33547592,20.85383987,435.8254395,70
8178,0.936132848,-1.426944256,0.093373865,-0.511341512,6.901111603,0.104453288,983.4665527,412.2486572,414.8628845,41.22962952,20.74147034,436.0133057,70
8188,0.907402456,-1.400607944,-0.052672438,-0.522799373,6.868869781,0.100189894,983.2859497,413.7833557,415.2746582,41.12363815,20.62936401,436.200592,70
8198,1.07739079,-1.271321058,0.079008654,-0.532392025,6.844088554,0.095660031,983.2859497,413.7833557,415.4374695,40.59724808,20.51855087,436.1569519,70
8208,1.046266198,-1.455674648,0,-0.541718245,6.820640087,0.093261868,983.2859497,413.7833557,415.8428955,40.48921585,20.40589333,436.3418579,70
8218,0.979228497,-1.364694953,-0.076614454,-0.548646212,6.805184841,0.084735066,983.2859497,413.7833557,416.2472534,40.38059998,20.29414558,436.5273438,70
8228,0.952892303,-1.22822547,-0.01436521,-0.555307806,6.788664341,0.077007659,983.0996094,415.3674927,416.6505127,40.27108383,20.1837635,436.7144165,70
8238,1.058237195,-1.388636947,0.095768064,-0.562502325,6.770811558,0.066882081,983.0996094,415.3674927,416.8340454,39.7980423,20.07177734,436.6785278,70
8248,1.063025594,-1.221042871,0.059855044,-0.565966308,6.752425671,0.057289433,983.0996094,415.3674927,417.2314758,39.68664551,19.96146774,436.87677,70
8258,1.084573388,-1.209071875,-0.225054964,-0.564367533,6.734039783,0.045032158,983.0996094,415.3674927,417.6278076,39.57528305,19.8512764,437.0620422,70
8268,0.979228497,-1.307234168,-0.196324542,-0.560104132,6.719916821,0.031442571,982.9207153,416.8880005,418.0230103,39.46470642,19.74010468,437.2445679,70
8278,1.199495077,-1.221042871,-0.165199921,-0.558771789,6.701530933,0.022382848,982.9207153,416.8880005,418.2198486,39.02995682,19.62979507,437.2299194,70
8288,0.814028561,-1.192312479,-0.636857629,-0.555307806,6.684744358,0.011724349,982.9207153,416.8880005,418.6095886,38.91722107,19.51977158,437.4220581,70
8298,1.218648672,-1.26653266,-0.04070143,-0.552909672,6.671421051,0.002664625,982.9207153,418.3956604,418.9981995,38.80511475,19.40900612,437.6035461,70
8308,1.101332784,-1.242590666,0.181959331,-0.547846854,6.654101372,-0.005595712,982.7434082,418.3956604,419.3857117,38.69300079,19.29848099,437.7843323,70
8318,1.130063176,-1.369483352,-0.301669419,-0.543583453,6.629853249,-0.012523737,982.7434082,418.3956604,419.5957642,38.2977562,19.18668556,437.7852173,70
8328,1.170764685,-1.285686255,-0.452504128,-0.535056651,6.609068871,-0.014655436,982.7434082,418.3956604,419.9781799,38.18490982,19.07572937,437.9599304,70
8338,1.252167463,-1.240196466,-0.126892686,-0.527062774,6.5893507,-0.014388974,982.5662231,419.9024963,420.359436,38.07195282,18.96522713,438.1490173,70
8348,1.326387763,-1.156399369,-0.426167905,-0.517470121,6.567767143,-0.014388974,982.5662231,419.9024963,420.739563,37.95865631,18.85556221,438.328949,70
8358,1.333570361,-1.15400517,-0.411802679,-0.51107502,6.545650959,-0.013589587,982.5662231,419.9024963,420.9640503,37.60160065,18.74592209,438.3530273,70
8368,1.110909581,-1.256955862,-0.746990919,-0.504146993,6.530728817,-0.008793262,982.5662231,419.9024963,421.3394775,37.48824692,18.635252,438.5262756,70
8378,1.721431017,-1.113303781,0.052672438,-0.495353758,6.502217293,-0.00106585,982.3890381,421.4095154,421.7137756,37.37425232,18.52601814,438.7009277,70
8388,1.577778935,-1.204283476,-0.366312861,-0.48203063,6.482499599,0.012257273,982.3890381,421.4095154,422.0869446,37.26095963,18.41587448,438.888855,70
8398,1.359906554,-1.00556469,-0.423773706,-0.466842234,6.470242023,0.024514547,982.3890381,421.4095154,422.3269043,36.94275284,18.30771828,438.9360352,70
8408,1.30005157,-1.165976286,-0.567425787,-0.455117911,6.456386089,0.038104136,982.3890381,421.4095154,422.6957397,36.82886505,18.19795799,439.1092529,70
8418,1.517923832,-1.110909581,-0.282515794,-0.447923422,6.435069084,0.049295556,982.2151489,422.8885193,423.063446,36.71487045,18.08874893,439.2821655,70
8428,1.793257117,-1.18752408,-0.026336219,-0.442327708,6.405757904,0.063418068,982.2151489,422.8885193,423.4300232,36.60146713,17.97877312,439.4648743,70
8438,1.441309452,-1.273715258,0.038307227,-0.433267981,6.388438225,0.08020521,982.2151489,422.8885193,423.6825867,36.31826401,17.86793518,439.5248108,70
8448,1.312022567,-1.074996591,0.02873042,-0.431669205,6.367653847,0.098857582,982.2151489,424.3388977,424.0451965,36.20409393,17.7590847,439.6984253,70
8458,1.505952835,-1.130063176,0.550666392,-0.437264919,6.342606068,0.116444103,982.0446777,424.3388977,424.4066467,36.09038925,17.64968491,439.8696289,70
8468,1.417367458,-1.053448796,0.047884032,-0.448189914,6.320756435,0.134297088,982.0446777,424.3388977,424.7669678,35.97649002,17.54104996,440.0412292,70
8478,1.058237195,-1.139639974,-0.057460841,-0.45911485,6.300239086,0.146287903,982.0446777,424.3388977,425.0292969,35.72048187,17.43155289,440.1268005,70
8488,1.156399369,-1.106121182,0.117315881,-0.471372128,6.284784317,0.15534763,981.8742065,425.7889404,425.3859253,35.60680008,17.32239151,440.2987061,70
8498,1.218648672,-1.103726983,0.385466486,-0.48096475,6.268529892,0.155081168,981.8742065,425.7889404,425.7414246,35.49330139,17.21325493,440.4693909,70
8508,1.165976286,-1.163581967,0.33518824,-0.49348852,6.248811722,0.155081168,981.8742065,425.7889404,426.0957642,35.38027954,17.10351944,440.638031,70
8518,1.058237195,-1.053448796,-0.10295067,-0.504146993,6.228293896,0.151883617,981.8742065,425.7889404,426.3688354,35.15168381,16.99488449,440.7271423,70
8528,1.065419793,-1.094150186,-0.071826048,-0.515071988,6.206710339,0.152416542,981.701416,427.2596436,426.7197876,35.03843689,16.88584328,440.9085083,70
8538,1.11569798,-1.079784989,0.466869324,-0.527862132,6.189923286,0.151084229,981.701416,427.2596436,427.0695801,34.92533493,16.77694511,441.078949,70
8548,1.350329757,-1.082179189,0.143652096,-0.540385902,6.169405937,0.146554366,981.701416,427.2596436,427.4182739,34.81245422,16.66802406,441.2481079,70
8558,1.046266198,-1.242590666,0.124498487,-0.552376747,6.151819706,0.14175804,981.701416,427.2596436,427.7052307,34.61542511,16.55749893,441.3530273,70
8568,1.22583127,-1.142034173,0.20350714,-0.565966308,6.135298252,0.138027564,981.5360107,428.6671448,428.0508423,34.50302505,16.44797897,441.5180359,70
8578,1.142034173,-1.091755986,0.076614454,-0.577424169,6.117445469,0.134830013,981.5360107,428.6671448,428.3953247,34.39063644,16.33896065,441.6995239,70
8588,0.81881696,-1.103726983,0.10295067,-0.587016821,6.099592686,0.132964775,981.5360107,428.6671448,428.738678,34.27851868,16.22982407,441.8681335,70
8598,0.809240162,-1.206677675,0.117315881,-0.600073516,6.079341412,0.126303226,981.5360107,430.0606995,429.1965332,34.32532883,16.11965752,442.1495361,70
8608,1.30005157,-1.067813993,0.162805721,-0.609133244,6.059623241,0.120174579,981.3723145,430.0606995,429.5392456,34.213871,16.01087952,442.317749,70
8618,1.185129881,-1.031900883,0.272938997,-0.619791746,6.04390192,0.111381322,981.3723145,430.0606995,429.8808289,34.10249329,15.9024601,442.4986877,70
8628,1.218648672,-1.019929886,0.021547815,-0.628851414,6.024450302,0.103387438,981.3723145,430.0606995,430.2213135,33.99129868,15.79416084,442.6707458,70
8638,1.055842996,-1.048660398,0.272938997,-0.637644708,6.011926174,0.093261868,981.2086182,431.4544373,430.6645508,34.01928329,15.68557453,442.9449768,70
8648,0.770932972,-1.108515382,0.112527482,-0.64617151,5.998869896,0.08313629,981.2086182,431.4544373,431.0041809,33.9091835,15.57638931,443.1146545,70
8658,1.122880578,-1.106121182,-0.04070143,-0.653366029,5.983415127,0.07301072,981.2086182,431.4544373,431.3427124,33.79929733,15.46722794,443.2832031,70
8668,0.914585054,-0.995987892,-0.20590134,-0.659761071,5.974888325,0.064217456,981.2086182,431.4544373,431.6801453,33.68923187,15.35916805,443.4671021,70
8678,0.790086567,-1.055842996,-0.220266551,-0.662159264,5.963963509,0.050627869,981.0465698,432.834198,432.1100159,33.70181656,15.25050926,443.7329712,70
8688,0.873883605,-1.139639974,0.002394202,-0.661892772,5.946643353,0.034906585,981.0465698,432.834198,432.4464722,33.59298325,15.14101315,443.9039917,70
8698,0.981622696,-0.988805294,0.136469498,-0.661892772,5.935451508,0.022915773,981.0465698,432.834198,432.7818604,33.48384094,15.03302479,444.0762024,70
8708,0.916979253,-0.957680702,-0.01436521,-0.660560489,5.923727036,0.007460949,981.0465698,432.834198,433.1161499,33.37482452,14.92534828,444.2478638,70
8718,0.687135875,-1.101332784,-0.064643443,-0.658695281,5.910937309,-0.005062787,980.8845215,434.2141418,433.5354309,33.37652969,14.81623459,444.5185547,70
8728,0.751779318,-1.067813993,-0.368707061,-0.652566612,5.895482063,-0.019718224,980.8845215,434.2141418,433.8686523,33.26856613,14.70745659,444.6924744,70
8738,0.701501071,-1.017535686,0.009576807,-0.644839168,5.886422634,-0.033840735,980.8845215,434.2141418,434.2007751,33.16065979,14.59918118,444.8660278,70
8749,0.553060591,-1.012747288,-0.090979666,-0.634980083,5.87070179,-0.051693719,980.727478,435.5517883,434.5318298,33.05296326,14.49095345,445.0386047,70
8759,0.933738649,-0.960074902,0.20350714,-0.624055147,5.857644558,-0.065016843,980.727478,435.5517883,434.9382324,33.04089737,14.3832531,445.2998657,70
8769,0.845153213,-0.986411095,0.119710088,-0.610732019,5.84325552,-0.075142421,980.727478,435.5517883,435.2680969,32.93375397,14.27528858,445.4767761,70
8779,0.610521436,-1.048660398,-0.057460841,-0.599007666,5.836594105,-0.08313629,980.727478,435.5517883,435.5969238,32.82701492,14.16670227,445.6517029,70
8790,0.778115571,-0.921767652,-0.117315881,-0.587016821,5.823271275,-0.095393561,980.5706177,436.8875122,435.9246521,32.72012329,14.05938435,445.827301,70
8800,0.653617084,-0.952892303,-0.122104287,-0.57449311,5.808349133,-0.106318533,980.5706177,436.8875122,436.3206787,32.69843292,13.95175552,446.0707397,70
8810,0.766144514,-1.017535686,-0.050278235,-0.564900458,5.792095184,-0.115378261,980.5706177,436.8875122,436.6471558,32.5923996,13.84348011,446.257782,70
8820,0.584185243,-0.888248801,-0.37110126,-0.550511479,5.780903339,-0.127635539,980.5706177,436.8875122,436.9725647,32.48622513,13.73649788,446.436676,70
8831,0.684741676,-0.9672575,-0.047884032,-0.539852977,5.765715122,-0.139093414,980.4170532,438.1956177,437.2969055,32.38047791,13.62872505,446.6132202,70
8842,0.620098233,-0.837970614,-0.220266551,-0.52359879,5.750526905,-0.151350692,980.4170532,438.1956177,437.6818542,32.34863663,13.52224541,446.8523254,70
8853,0.512359142,-0.984016895,0.004788403,-0.504679918,5.735604763,-0.162542105,980.4170532,438.1956177,438.0048218,32.24347305,13.41430569,447.0271912,70
8863,0.560243189,-0.945709646,-0.059855044,-0.484162331,5.723081112,-0.172934145,980.2667847,439.4761047,438.3267517,32.13841629,13.30674839,447.2173157,70
8873,0.495599747,-1.015141487,-0.016759412,-0.467375189,5.708425522,-0.182260334,980.2667847,439.4761047,438.6476135,32.03372574,13.19849682,447.3948669,70
8883,0.797269166,-0.981622696,0.086191259,-0.456183791,5.695901871,-0.189188361,980.2667847,439.4761047,439.0210876,31.99228287,13.09058094,447.6253967,70
8894,1.070208192,-0.921767652,0.124498487,-0.441261858,5.679380894,-0.193718225,980.2667847,439.4761047,439.3404846,31.88786697,12.98326302,447.8027344,70
8904,0.960074902,-0.921767652,0.021547815,-0.424208283,5.659929276,-0.195583463,980.1165771,440.7561951,439.658844,31.78364372,12.87594509,447.9789734,70
8914,0.89064306,-0.948103845,0.174776718,-0.409819305,5.646872997,-0.1931853,980.1165771,440.7561951,439.9761658,31.67966461,12.76836395,448.1712036,70
8924,0.770932972,-0.888248801,-0.284909993,-0.395696759,5.632217407,-0.189721286,980.1165771,440.7561951,440.3405762,31.6313076,12.66138172,448.3990479,70
8934,1.046266198,-0.85473001,-0.004788403,-0.385038286,5.614897251,-0.18385911,980.1165771,442.0354004,440.6563721,31.52758789,12.55473423,448.5786743,70
8944,0.751779318,-0.778115571,-0.011971008,-0.371981621,5.601307869,-0.176664621,979.9664307,442.0354004,440.9711304,31.4238987,12.44885349,448.7582092,70
8954,1.074996591,-0.799663365,-0.021547815,-0.361589581,5.584787369,-0.168404296,979.9664307,442.0354004,441.2848511,31.32042885,12.34275723,448.9499207,70
8964,0.974440098,-0.766144514,-0.059855044,-0.347467095,5.573062897,-0.161209792,979.9664307,442.0354004,441.6422424,31.2677536,12.2369957,449.1773682,70
8974,0.737414122,-0.969651699,0.213083953,-0.340272576,5.561338425,-0.152150065,979.8171997,443.3074341,441.9544067,31.16499519,12.12919903,449.3570862,70
8984,1.206677675,-0.857124209,0.057460841,-0.333611012,5.550147057,-0.142290965,979.8171997,443.3074341,442.2655334,31.06220055,12.02252769,449.5369873,70
8994,1.051054597,-0.790086567,-0.057460841,-0.328548223,5.531228065,-0.130833074,979.8171997,443.3074341,442.5756226,30.95945168,11.91652679,449.7168274,70
9004,1.098938584,-0.766144514,-0.222660765,-0.322952509,5.507779121,-0.119375192,979.8171997,443.3074341,442.9271851,30.90413475,11.81076527,449.9531555,70
9014,0.976834297,-0.833182216,-0.01436521,-0.317356825,5.49152565,-0.108450226,979.6720581,444.5449524,443.2357178,30.80182457,11.70433331,450.1359253,70
9024,0.955286503,-0.754173517,-0.18435353,-0.309362948,5.478468418,-0.096192956,979.6720581,444.5449524,443.5432129,30.699543,11.59869194,450.3186646,70
9034,0.943315446,-0.794874966,-0.191536129,-0.301901996,5.462481022,-0.083669223,979.6720581,444.5449524,443.8497009,30.59746361,11.49264336,450.4998474,70
9044,0.991199493,-0.677559078,0.011971008,-0.29603982,5.454753399,-0.07194487,979.6720581,444.5449524,444.1936951,30.53758812,11.38776779,450.7198792,70
9054,0.830788016,-0.778115571,0.162805721,-0.291776419,5.441430569,-0.061286367,979.5285645,445.7679443,444.4985657,30.4358139,11.28188705,450.9157104,70
9064,0.926556051,-0.67037648,0.241814375,-0.28671363,5.423044205,-0.051960181,979.5285645,445.7679443,444.8023987,30.33403397,11.17708302,451.1007996,70
9074,1.000776291,-0.828393817,0.217872351,-0.288578868,5.407589436,-0.038637057,979.5285645,445.7679443,445.1052246,30.23258018,11.07069874,451.2829895,70
9084,1.070208192,-0.766144514,0.213083953,-0.289111793,5.393733501,-0.027179174,979.5285645,446.9622192,445.5585022,30.29439354,10.96493721,451.6163025,70
9094,0.81881696,-0.770932972,0.064643443,-0.290977001,5.378545284,-0.016520673,979.3884888,446.9622192,445.8609314,30.19332504,10.859128,451.8112488,70
9104,0.701501071,-0.787692368,0.045489833,-0.295773357,5.362024307,-0.008260337,979.3884888,446.9622192,446.1623535,30.09238815,10.75315094,451.9975891,70
9114,0.725443125,-0.711077929,0.442927301,-0.29817152,5.345503807,-0.000799387,979.3884888,446.9622192,446.4627686,29.99147987,10.64794064,452.1838074,70
9124,0.78050977,-0.70628953,0.342370838,-0.303767234,5.331114769,0.0063951,979.2501831,448.1419067,446.8945007,30.03110886,10.54277802,452.5013733,70
9134,0.785298169,-0.66798228,0.031124622,-0.307764143,5.315926075,0.013323124,979.2501831,448.1419067,447.1943359,29.93055534,10.43799782,452.6873779,70
9144,0.830788016,-0.749385118,0.107739076,-0.314425707,5.294342995,0.017852986,979.2501831,448.1419067,447.4931641,29.83017921,10.33240414,452.8852844,70
9154,0.794874966,-0.679953277,0.251391172,-0.31895557,5.278888226,0.022382848,979.2501831,448.1419067,447.7909851,29.72984123,10.22750473,453.0742798,70
9164,0.610521436,-0.691924274,0.217872351,-0.322419584,5.261568069,0.024514547,979.1134644,449.3075562,448.2030334,29.75012016,10.12248516,453.3773499,70
9174,0.581790984,-0.770932972,0.062249243,-0.327482402,5.249043941,0.025313934,979.1134644,449.3075562,448.500061,29.65019417,10.01667595,453.5646057,70
9184,0.660799682,-0.715866327,0.196324542,-0.334143966,5.233589649,0.024781011,979.1134644,449.3075562,448.7960815,29.55031776,9.911417007,453.7512817,70
9194,0.605733037,-0.730231524,0.37349546,-0.340805531,5.225595474,0.023715161,979.1134644,449.3075562,449.091095,29.45054054,9.806015015,453.9520569,70
9204,0.737414122,-0.749385118,0.181959331,-0.346401215,5.217601776,0.021316998,978.9784546,450.4591675,449.4851074,29.45394325,9.700421333,454.2415466,70
9214,0.687135875,-0.758961916,0.047884032,-0.352263391,5.206409931,0.018385911,978.9784546,450.4591675,449.7791443,29.35447502,9.594731331,454.4310303,70
9224,0.708683729,-0.794874966,0.076614454,-0.355727404,5.192553997,0.017053599,978.9784546,450.4591675,450.0722046,29.25510788,9.488682747,454.6191406,70
9234,0.85473001,-0.701501071,0.038307227,-0.356793284,5.173902035,0.014655436,978.9784546,451.5967102,450.3642578,29.15576935,9.38356781,454.8071899,70
9244,0.701501071,-0.67037648,-0.124498487,-0.357059717,5.156847954,0.013589587,978.8450928,451.5967102,450.7417297,29.1443119,9.278763771,455.0974121,70
9254,0.598550439,-0.713472128,-0.191536129,-0.353862166,5.140860558,0.013589587,978.8450928,451.5967102,451.0326843,29.04523277,9.173528671,455.2893372,70
9264,0.665588081,-0.727837324,0.02873042,-0.351996928,5.129402637,0.013056661,978.8450928,451.5967102,451.3226624,28.94623184,9.06815052,455.4801941,70
9274,0.608127236,-0.701501071,0.162805721,-0.349865228,5.117944717,0.012257273,978.7167969,452.6913452,451.6116333,28.84729195,8.963035583,455.6702271,70
9284,0.505176544,-0.660799682,0.282515794,-0.349865228,5.107553005,0.013323124,978.7167969,452.6913452,451.971283,28.82023621,8.858327866,455.9440918,70
9294,0.861912608,-0.677559078,0.105344877,-0.348266453,5.092098236,0.011724349,978.7167969,452.6913452,452.2590027,28.7215004,8.753452301,456.1382751,70
9304,0.665588081,-0.727837324,-0.153228909,-0.344269514,5.080640316,0.011724349,978.7167969,452.6913452,452.5457153,28.62284279,8.64807415,456.3309631,70
9314,0.636857629,-0.634463429,-0.234631762,-0.340805531,5.0697155,0.008260337,978.586853,453.7997131,452.8314514,28.52422523,8.543629646,456.5234985,70
9324,0.629675031,-0.627280831,-0.08379706,-0.338407338,5.056392193,0.007460949,978.586853,453.7997131,453.1772156,28.48601341,8.439256668,456.776123,70
9334,0.579396784,-0.66798228,-0.134075299,-0.334410399,5.042003155,0.008260337,978.586853,453.7997131,453.4615784,28.38758659,8.334476471,456.9810181,70
9344,0.55784899,-0.660799682,0.031124622,-0.332012266,5.028147221,0.0063951,978.586853,453.7997131,453.7449646,28.28921509,8.229768753,457.1761169,70
9354,0.586579442,-0.600944638,0.064643443,-0.325617135,5.013758183,0.006928025,978.4586182,454.894043,454.0273743,28.19089508,8.125658989,457.370697,70
9364,0.730231524,-0.636857629,-0.134075299,-0.320554376,5.001500607,0.006661562,978.4586182,454.894043,454.3603516,28.14293289,8.021190643,457.6155396,70
9374,0.830788016,-0.641646028,-0.294486821,-0.313093394,4.989243507,0.006661562,978.4586182,454.894043,454.6412964,28.04477119,7.916674137,457.8083496,70
9384,0.821211159,-0.651222885,0.067037649,-0.308830023,4.975121021,0.003996937,978.4586182,455.960083,454.9212646,27.94665909,7.812061787,458.0153503,70
9394,0.938527048,-0.605733037,-0.076614454,-0.303767234,4.964995861,0.006128637,978.3337402,455.960083,455.2002563,27.84859657,7.707904339,458.2116394,70
9404,0.900219858,-0.653617084,-0.055066638,-0.298970878,4.951938629,0.009859112,978.3337402,455.960083,455.5201111,27.79091072,7.603268147,458.4483948,70
9414,1.010353088,-0.572214186,0.098162271,-0.295773357,4.940480709,0.019451762,978.3337402,455.960083,455.7975464,27.69297791,7.499445915,458.6433411,70
9424,0.969651699,-0.588973641,-0.004788403,-0.295240432,4.929289341,0.031176111,978.2088013,457.0262451,456.0739746,27.59508705,7.395456314,458.8370667,70
9434,1.019929886,-0.565031588,-0.067037649,-0.296306252,4.91170311,0.043433387,978.2088013,457.0262451,456.3494263,27.49723816,7.291706085,459.0466614,70
9444,1.07739079,-0.574608386,0.294486821,-0.296572745,4.892784119,0.056223582,978.2088013,457.0262451,456.6584167,27.43224144,7.187860012,459.2783203,70
9454,0.945709646,-0.605733037,0.076614454,-0.29710567,4.87013483,0.065283306,978.2088013,457.0262451,456.932251,27.33448792,7.083702564,459.4743958,70
9464,1.060631394,-0.636857629,-0.01436521,-0.299770296,4.849084377,0.077807046,978.0856323,458.077301,457.2051086,27.23675919,6.979234219,459.6694336,70
9474,0.909796655,-0.581790984,0.179565132,-0.301901996,4.833629131,0.088732004,978.0856323,458.077301,457.4769897,27.13907051,6.875316143,459.8765564,70
9484,0.969651699,-0.569819987,0.260968,-0.305898935,4.817641735,0.099656969,978.0856323,458.077301,457.7757874,27.06760025,6.771517754,460.1030884,70
9494,1.173158884,-0.541089594,0.189141929,-0.308030635,4.799788475,0.112180702,978.0856323,458.077301,458.04599,26.96999741,6.668006897,460.301178,70
9504,1.019929886,-0.478840351,-0.110133275,-0.313359886,4.77847147,0.12337213,977.9641113,459.1147766,458.3152161,26.87243271,6.565118313,460.4987488,70
9514,0.840364814,-0.598550439,0.196324542,-0.321886688,4.761151314,0.134030625,977.9641113,459.1147766,458.5834656,26.77485847,6.461032867,460.6945496,70
9524,0.993593693,-0.581790984,0.347159237,-0.328015327,4.742499352,0.145488501,977.9641113,459.1147766,458.8728027,26.69777489,6.357114792,460.9254456,70
9534,1.036689281,-0.588973641,0.399831682,-0.337341517,4.719850063,0.15534763,977.9641113,460.1234436,459.1392822,26.60025406,6.253125191,461.1246338,70
9544,1.015141487,-0.533906996,0.193930343,-0.349598765,4.697200298,0.16520673,977.8459473,460.1234436,459.4047852,26.50276375,6.149686337,461.3231812,70
9554,0.986411095,-0.548272192,0.138863698,-0.357592642,4.672952175,0.17559877,977.8459473,460.1234436,459.6693115,26.40528107,6.046103477,461.5206909,70
9564,1.055842996,-0.536301196,0.138863698,-0.367185295,4.650303364,0.186257273,977.8459473,460.1234436,459.9486084,26.32221985,5.942640305,461.7330017,70
9574,0.962469101,-0.514753342,0.407014281,-0.37917611,4.632450581,0.193451747,977.7295532,461.1174927,460.2113342,26.22477722,5.839392662,461.9440918,70
9584,0.938527048,-0.555454791,0.363918662,-0.391166925,4.616196156,0.201179162,977.7295532,461.1174927,460.4730835,26.12732697,5.735738277,462.1437988,70
9594,1.137245774,-0.526724398,0.433350503,-0.404756516,4.599142075,0.208640128,977.7295532,461.1174927,460.7338562,26.02989006,5.632370949,462.3428345,70
9604,0.960074902,-0.471657723,0.438138902,-0.416214377,4.583687305,0.213702917,977.7295532,461.1174927,461.0037537,25.94160652,5.529554367,462.551239,70
9614,0.881066203,-0.474051923,0.339976639,-0.428205222,4.568232536,0.219565079,977.6147461,462.0974426,461.2626953,25.84419441,5.426713943,462.7486877,70
9624,0.794874966,-0.514753342,0.272938997,-0.442860663,4.551445484,0.223562017,977.6147461,462.0974426,461.5206604,25.74676704,5.323466301,462.9612122,70
9634,0.766144514,-0.553060591,0.292092621,-0.457782537,4.533592701,0.225160792,977.6147461,462.0974426,461.7776489,25.64932251,5.219835758,463.1614075,70
9644,0.988805294,-0.462080926,0.37110126,-0.470306277,4.512808323,0.225693718,977.6147461,462.0974426,462.0387878,25.55649185,5.117115021,463.3662109,70
9654,0.912190855,-0.490811348,0.395043284,-0.484695256,4.501617432,0.226759583,977.503418,463.048584,462.2938538,25.45905685,5.01410675,463.5648193,70
9664,0.799663365,-0.545877993,0.387860686,-0.500949442,4.487761021,0.22542727,977.503418,463.048584,462.5479431,25.36159325,4.910547733,463.7744446,70
9674,0.828393817,-0.507570744,0.466869324,-0.514006138,4.477635384,0.223029092,977.503418,463.048584,462.8010559,25.26412964,4.807372093,463.9760742,70
9684,0.761356115,-0.486022949,0.478840351,-0.528661549,4.463246346,0.217166916,977.503418,463.9997864,463.1286011,25.23312569,4.704411983,464.2522888,70
9694,0.739808321,-0.502782345,0.416591108,-0.541451752,4.449656963,0.211837664,977.3920288,463.9997864,463.3804321,25.13567543,4.601284027,464.4526978,70
9704,0.78050977,-0.579396784,0.495599747,-0.556640089,4.435267925,0.20624195,977.3920288,463.9997864,463.6312866,25.03818321,4.49739027,464.6517334,70
9714,0.689530075,-0.421379507,0.395043284,-0.568897426,4.427274227,0.200113311,977.3920288,463.9997864,463.8811951,24.9407177,4.395076275,464.8641052,70
9724,0.672770679,-0.529118598,0.29688102,-0.581154704,4.417415142,0.191053599,977.2857056,464.907959,464.1913147,24.89647484,4.291685104,465.1278381,70
9734,0.677559078,-0.509964943,0.313640416,-0.59421134,4.401160717,0.183592647,977.2857056,464.907959,464.4397888,24.79896164,4.188485622,465.329895,70
9744,0.749385118,-0.529118598,0.37349546,-0.60460335,4.397163868,0.173733547,977.2857056,464.907959,464.6872864,24.70141411,4.085094452,465.5309753,70
9754,0.715866327,-0.533906996,0.435744703,-0.616860628,4.387038231,0.160676882,977.2857056,464.907959,464.9338074,24.60383415,3.981655359,465.7310486,70
9764,0.646434486,-0.517147541,0.337582439,-0.62538743,4.378244877,0.152150065,977.1810913,465.8015137,465.2277222,24.54778099,3.878383875,465.9932861,70
9774,0.646434486,-0.497993946,0.299275219,-0.634980083,4.368385792,0.140425727,977.1810913,465.8015137,465.4727173,24.45016098,3.775303841,466.1971436,70
9784,0.694318473,-0.502782345,0.37110126,-0.644572735,4.358260632,0.128434911,977.1810913,465.8015137,465.7167358,24.35250092,3.672176123,466.3999634,70
9794,0.584185243,-0.505176544,0.572214186,-0.653898895,4.350799084,0.114312403,977.1810913,465.8015137,465.9597778,24.2548008,3.569024324,466.6017761,70
9804,0.584185243,-0.512359142,0.380678058,-0.660826921,4.342272758,0.10285452,977.079834,466.6661987,466.2375183,24.18728447,3.465800762,466.8382874,70
9814,0.562637389,-0.512359142,0.380678058,-0.669620216,4.331347466,0.089264929,977.079834,466.6661987,466.4789124,24.08950424,3.3625772,467.0543823,70
9824,0.579396784,-0.469263524,0.426167905,-0.67628181,4.322820663,0.073810108,977.079834,466.6661987,466.7193298,23.99168205,3.25978446,467.2588501,70
9834,0.605733037,-0.488417149,0.383072257,-0.682410419,4.312695503,0.059421133,977.079834,467.5462036,466.9587708,23.89380455,3.15680027,467.4623413,70
9844,0.584185243,-0.438138902,0.342370838,-0.68667376,4.303102493,0.043699846,976.9768677,467.5462036,467.2237549,23.81801033,3.054318905,467.6914673,70
9854,0.514753342,-0.457292527,0.435744703,-0.690404296,4.291911125,0.027712099,976.9768677,467.5462036,467.4614563,23.72002983,2.95164609,467.89328,70
9864,0.517147541,-0.512359142,0.435744703,-0.692535996,4.280719757,0.010658499,976.9768677,467.5462036,467.6981812,23.62198639,2.848422527,468.1109619,70
9874,0.581790984,-0.524330199,0.282515794,-0.694134772,4.270061493,-0.006128637,976.8772583,468.3973389,467.9338989,23.52388191,2.745079279,468.3157043,70
9884,0.471657723,-0.577002585,0.325611442,-0.695200622,4.260735035,-0.023448698,976.8772583,468.3973389,468.1858215,23.43984032,2.641209364,468.536499,70
9894,0.586579442,-0.505176544,0.395043284,-0.694667637,4.25087595,-0.039702907,976.8772583,468.3973389,468.4197388,23.34160805,2.538057566,468.7394714,70
9904,0.497993946,-0.442927301,0.457292527,-0.694667637,4.2426157,-0.05595712,976.8772583,468.3973389,468.6526794,23.24329948,2.435528278,468.954834,70
9914,0.488417149,-0.486022949,0.304063618,-0.692003012,4.234088898,-0.072477795,976.776123,469.2612,468.884613,23.14492226,2.33256793,469.1610718,70
9924,0.459686726,-0.421379507,0.20350714,-0.688805521,4.225295544,-0.088732004,976.776123,469.2612,469.1263733,23.05521011,2.230254173,469.3772583,70
9934,0.531512797,-0.442927301,0.246602774,-0.686407328,4.214903355,-0.104986221,976.776123,469.2612,469.3564453,22.95667076,2.127724886,469.5816956,70
9944,0.493205547,-0.404620081,0.395043284,-0.681877494,4.207176208,-0.120441042,976.776123,469.2612,469.5855103,22.85803986,2.025578737,469.7852783,70
9954,0.486022949,-0.433350503,0.33518824,-0.677880526,4.193852901,-0.137494639,976.6781006,470.0988159,469.8135986,22.75933075,1.923145175,470.0019531,70
9964,0.486022949,-0.476446152,0.347159237,-0.672817767,4.185059547,-0.151617154,976.6781006,470.0988159,470.0449829,22.66394424,1.820280671,470.2127686,70
9974,0.488417149,-0.454898328,0.342370838,-0.666156173,4.175733566,-0.167604893,976.6781006,470.0988159,470.2711487,22.56506348,1.717631698,470.4184265,70
9984,0.502782345,-0.474051923,0.308852017,-0.660560489,4.16480875,-0.183326185,976.6781006,470.9206848,470.4963074,22.46609879,1.614791155,470.6230469,70
9994,0.488417149,-0.433350503,0.301669419,-0.652833045,4.152551174,-0.198514536,976.5819702,470.9206848,470.7204895,22.36702156,1.512357593,470.8267212,70
10004,0.560243189,-0.490811348,0.347159237,-0.644572735,4.139760971,-0.212637067,976.5819702,470.9206848,470.9419861,22.26657295,1.409349442,471.0429993,70
10014,0.438138902,-0.466869324,0.320823014,-0.635513008,4.132033825,-0.22596018,976.5819702,470.9206848,471.1641541,22.16731644,1.306580782,471.2497559,70
10024,0.497993946,-0.435744703,0.282515794,-0.627252638,4.120309353,-0.239016846,976.4857788,471.7426453,471.3853455,22.06793785,1.204123378,471.4555969,70
10034,0.502782345,-0.459686726,0.217872351,-0.618725896,4.111249447,-0.252606452,976.4857788,471.7426453,471.6055298,21.96847153,1.101426482,471.6603699,70
10044,0.543483794,-0.433350503,0.33279404,-0.609133244,4.102189541,-0.26592955,976.4857788,471.7426453,471.8188477,21.86434937,0.99899298,471.8583374,70
10054,0.531512797,-0.459686726,0.316034615,-0.598474741,4.093130112,-0.277653903,976.4857788,471.7426453,472.0370178,21.76466942,0.896296144,472.0776062,70
10064,0.502782345,-0.512359142,0.29688102,-0.588349164,4.081672192,-0.289111793,976.3929443,472.5362549,472.2541809,21.66492462,0.793072581,472.2844543,70
10074,0.524330199,-0.430956304,0.308852017,-0.576891303,4.071546555,-0.299770296,976.3929443,472.5362549,472.4703369,21.56499481,0.69066304,472.4903564,70
10084,0.466869324,-0.48362875,0.105344877,-0.5662328,4.056358337,-0.30643183,976.3929443,472.5362549,472.6749268,21.45700836,0.587726772,472.6846313,70
10260,0.543483794,-0.418985307,0.227449164,-0.55477488,4.043834686,-0.314958632,976.3929443,472.5362549,472.8890076,21.35683441,0.485436916,472.9010315,70
10260,0.63206923,-0.423773706,0.395043284,-0.543849885,4.030777931,-0.322952509,976.3018799,473.3146667,473.1020813,21.25654602,0.383099169,473.1089783,70
10260,0.509964943,-0.414196908,0.342370838,-0.531326175,4.014790058,-0.328814715,976.3018799,473.3146667,473.3141479,21.15612602,0.280857205,473.315918,70
10260,0.543483794,-0.430956304,0.287304193,-0.517470121,3.997736692,-0.333344579,976.3018799,473.3146667,473.510498,21.04465485,0.178447649,473.5071716,70
10260,0.512359142,-0.450109929,0.37110126,-0.50388056,3.984147072,-0.33760795,976.2140503,474.0652161,473.720459,20.94403648,0.075846553,473.7119751,70
10260,0.603338838,-0.366312861,0.471657723,-0.490823895,3.9745543,-0.340805531,976.2140503,474.0652161,473.9293823,20.84318352,-0.025916578,473.9293823,70
10260,0.565031588,-0.40940848,0.351947635,-0.476967841,3.967093468,-0.344269514,976.2140503,474.0652161,474.1372986,20.74226189,-0.128110662,474.1372986,70
10260,0.474051923,-0.40940848,0.37110126,-0.463378251,3.95776701,-0.345601827,976.2140503,474.0652161,474.3249512,20.62713051,-0.230304748,474.3249512,70
10260,0.44532153,-0.383072257,0.272938997,-0.451653898,3.951105595,-0.349598765,976.1263428,474.8153076,474.5307007,20.52591705,-0.332235456,474.5307007,70
10260,0.526724398,-0.351947635,0.316034615,-0.439929545,3.945243597,-0.353595704,976.1263428,474.8153076,474.7354431,20.42452431,-0.433854938,474.7354431,70
10260,0.505176544,-0.375889659,0.411802679,-0.425540596,3.938315392,-0.355194479,976.1263428,474.8153076,474.9391785,20.3230381,-0.535713851,474.9391785,70
10260,0.512359142,-0.330399841,0.308852017,-0.412750393,3.928722858,-0.358658493,976.1263428,474.8153076,475.1196289,20.2053318,-0.637117863,475.1196289,70
10260,0.450109929,-0.320823014,0.155623108,-0.401825428,3.917797804,-0.361856043,976.0402832,475.551239,475.321167,20.10348511,-0.738426089,475.321167,70
10260,0.541089594,-0.320823014,0.375889659,-0.390101075,3.905807018,-0.364520669,976.0402832,475.551239,475.521698,20.00150299,-0.839734316,475.521698,70
10260,0.526724398,-0.337582439,0.471657723,-0.37704441,3.893816233,-0.365320057,976.0402832,475.551239,475.7211914,19.89941406,-0.941210151,475.7211914,70
10260,0.397437483,-0.354341865,0.287304193,-0.36771822,3.885289431,-0.366652369,976.0402832,475.551239,475.8948975,19.7796669,-1.042853594,475.8948975,70
10260,0.495599747,-0.33279404,0.18435353,-0.35732618,3.875430346,-0.367984682,975.9559326,476.2724915,476.0921631,19.67729378,-1.144281507,476.0921631,70
10264,0.507570744,-0.380678058,0.356736064,-0.346401215,3.864505291,-0.370382845,975.9559326,476.2724915,476.2884216,19.57488251,-1.246188283,476.2884216,70
10274,0.438138902,-0.344765037,0.428562105,-0.333344579,3.855978727,-0.370649308,975.9559326,476.2724915,476.4836426,19.47225952,-1.347735882,476.4836426,70
10284,0.598550439,-0.361524463,0.354341865,-0.321087271,3.849317074,-0.370116383,975.87323,476.9795837,476.6979065,19.38353157,-1.449451089,476.6979065,70
10294,0.502782345,-0.330399841,0.20350714,-0.309362948,3.841056585,-0.370116383,975.87323,476.9795837,476.8912354,19.28060532,-1.550855041,476.8912354,70
10304,0.380678058,-0.349553436,0.287304193,-0.297638565,3.835727453,-0.368517607,975.87323,476.9795837,477.0835266,19.17758751,-1.652450562,477.0835266,70
10314,0.462080926,-0.325611442,0.351947635,-0.284581929,3.827467203,-0.36771822,975.87323,476.9795837,477.2747803,19.07437706,-1.75380671,477.2747803,70
10324,0.524330199,-0.320823014,0.349553436,-0.274722815,3.81760788,-0.365586549,975.7904663,477.6872253,477.4795837,18.98108101,-1.855114937,477.4795837,70
10334,0.464475125,-0.320823014,0.399831682,-0.263797849,3.80828166,-0.363188356,975.7904663,477.6872253,477.6688843,18.87759399,-1.956423163,477.6688843,70
10344,0.48362875,-0.306457818,0.342370838,-0.253405809,3.79495883,-0.35945788,975.7904663,477.6872253,477.8571472,18.77393532,-2.057587624,477.8571472,70
10354,0.447715729,-0.33279404,0.339976639,-0.244346097,3.785099506,-0.356526792,975.7904663,477.6872253,478.0443726,18.67020988,-2.159015656,478.0443726,70
10364,0.478840351,-0.313640416,0.313640416,-0.23528637,3.775773287,-0.354395092,975.7111816,478.365448,478.2393188,18.57228279,-2.260251999,478.2393188,70
10374,0.450109929,-0.323217243,0.306457818,-0.226493105,3.763782501,-0.349865228,975.7111816,478.365448,478.42453,18.46827316,-2.361584187,478.42453,70
10384,0.517147541,-0.313640416,0.323217243,-0.219565079,3.753923416,-0.344003052,975.7111816,478.365448,478.6087036,18.36410522,-2.46282053,478.6087036,70
10394,0.464475125,-0.328005642,0.237025961,-0.208373666,3.743264914,-0.340272576,975.7111816,478.365448,478.7918396,18.25984764,-2.56420064,478.7918396,70
10404,0.416591108,-0.275333196,0.165199921,-0.198248088,3.730208158,-0.335742712,975.631897,479.0437012,478.9783936,18.15834999,-2.665054083,478.9783936,70
10414,0.380678058,-0.284909993,0.351947635,-0.188655436,3.717684507,-0.331212848,975.631897,479.0437012,479.1594543,18.05371094,-2.766003132,479.1594543,70
10424,0.442927301,-0.33279404,0.37349546,-0.178263396,3.70755887,-0.327748835,975.631897,479.0437012,479.3394775,17.94908905,-2.867431164,479.3394775,70
10434,0.44532153,-0.304063618,0.37349546,-0.167071983,3.701163769,-0.322153151,975.5541992,479.708313,479.5184631,17.84425163,-2.968571901,479.5184631,70
10444,0.416591108,-0.301669419,0.189141929,-0.156147003,3.690771818,-0.31895557,975.5541992,479.708313,479.6971436,17.73979759,-3.069688559,479.6971436,70
10454,0.378283858,-0.256179571,0.122104287,-0.146554366,3.679047585,-0.313892812,975.5541992,479.708313,479.8740234,17.63455772,-3.170350313,479.8740234,70
10464,0.361524463,-0.260968,0.256179571,-0.135629401,3.668921947,-0.30856356,975.5541992,479.708313,480.0498352,17.52920914,-3.27105999,480.0498352,70
10474,0.404620081,-0.287304193,0.328005642,-0.124437973,3.659329176,-0.304033697,975.4799805,480.3429565,480.2246094,17.42382622,-3.372033119,480.2246094,70
10484,0.440533102,-0.251391172,0.244208574,-0.115644716,3.651868343,-0.298704445,975.4799805,480.3429565,480.3948364,17.3158226,-3.472646952,480.3948364,70
10494,0.385466486,-0.299275219,0.20590134,-0.104453288,3.64520669,-0.292575806,975.4799805,480.3429565,480.5674744,17.2102356,-3.573739767,480.5674744,70
10504,0.368707061,-0.263362199,0.251391172,-0.094594181,3.636413574,-0.288045943,975.4799805,480.3429565,480.7390442,17.10440636,-3.674473286,480.7390442,70
10514,0.387860686,-0.284909993,0.280121595,-0.086067379,3.628952503,-0.282450229,975.4074097,480.9639282,480.9095764,16.99853897,-3.775422335,480.9095764,70
10524,0.380678058,-0.244208574,0.390254885,-0.076474734,3.622024536,-0.27525574,975.4074097,480.9639282,481.0718689,16.88745117,-3.875964403,481.0718689,70
10534,0.375889659,-0.268150598,0.256179571,-0.067681469,3.614830017,-0.268594176,975.4074097,480.9639282,481.2402344,16.78127861,-3.976745844,481.2402344,70
10544,0.356736064,-0.275333196,0.162805721,-0.059687596,3.607369184,-0.260866761,975.4074097,480.9639282,481.4075317,16.67502213,-4.077599049,481.4075317,70
10554,0.294486821,-0.280121595,0.241814375,-0.051693719,3.597509861,-0.255004585,975.3365479,481.5701904,481.573761,16.56867409,-4.178500175,481.573761,70
10564,0.411802679,-0.248996973,0.284909993,-0.043699846,3.589249611,-0.249142408,975.3365479,481.5701904,481.7285156,16.45474815,-4.279089928,481.7285156,70
10574,0.430956304,-0.253785372,0.280121595,-0.036771823,3.582321644,-0.24461256,975.3365479,481.5701904,481.8925476,16.34805107,-4.37972784,481.8925476,70
10584,0.342370838,-0.229843363,0.198718742,-0.030909648,3.572995424,-0.238217458,975.267334,482.162262,482.055481,16.24115372,-4.480126381,482.055481,70
10594,0.323217243,-0.20590134,0.162805721,-0.024514547,3.563136101,-0.231022969,975.267334,482.162262,482.2173462,16.13405609,-4.580285549,482.2173462,70
10604,0.421379507,-0.227449164,0.328005642,-0.016787136,3.554342985,-0.223562017,975.267334,482.162262,482.3648987,16.01734924,-4.680660248,482.3648987,70
10614,0.380678058,-0.246602774,0.277727395,-0.008793262,3.545016766,-0.218232766,975.267334,482.162262,482.5245361,15.91015625,-4.781226158,482.5245361,70
10624,0.387860686,-0.213083953,0.217872351,-0.002931087,3.535157681,-0.211304754,975.1998291,482.739624,482.683075,15.80272579,-4.881456852,482.683075,70
10634,0.375889659,-0.239420176,0.265756398,0.004529862,3.525565147,-0.204909652,975.1998291,482.739624,482.8405457,15.69530487,-4.981951237,482.8405457,70
10644,0.366312861,-0.239420176,0.232237563,0.011990812,3.518104315,-0.196116373,975.1998291,482.739624,482.9812317,15.57602119,-5.082445621,482.9812317,70
10654,0.383072257,-0.244208574,0.129286885,0.017586524,3.508244991,-0.187323123,975.1998291,482.739624,483.1364441,15.46835327,-5.18298769,483.1364441,70
10664,0.395043284,-0.227449164,0.179565132,0.023981623,3.500517607,-0.179862171,975.1340332,483.3027954,483.2905884,15.36051941,-5.283362389,483.2905884,70
10674,0.457292527,-0.208295554,0.198718742,0.030643184,3.492789984,-0.172401235,975.1340332,483.3027954,483.443634,15.25251007,-5.383545399,483.443634,70
10684,0.359130263,-0.20350714,0.18674773,0.036771823,3.483464003,-0.163341507,975.1340332,483.3027954,483.5777588,15.13048744,-5.483680248,483.5777588,70
10694,0.37110126,-0.227449164,0.155623108,0.043433387,3.47600317,-0.15428178,975.1340332,483.3027954,483.7285156,15.02227974,-5.584054947,483.7285156,70
10704,0.438138902,-0.227449164,0.20590134,0.049828485,3.468808651,-0.143356815,975.0682983,483.8654785,483.8782043,14.9139843,-5.684429646,483.8782043,70
10714,0.418985307,-0.193930343,0.237025961,0.054624807,3.460548162,-0.132964775,975.0682983,483.8654785,484.0267944,14.80545235,-5.784469128,484.0267944,70
10724,0.402225882,-0.227449164,0.129286885,0.059154671,3.450422525,-0.12337213,975.0682983,483.8654785,484.1554565,14.68163681,-5.884843826,484.1554565,70
10734,0.430956304,-0.227449164,0.126892686,0.06261868,3.440563679,-0.111114852,975.0041504,484.4144897,484.3017273,14.57296276,-5.985218525,484.3017273,70
10744,0.495599747,-0.215478152,0.258573771,0.065816231,3.429638624,-0.099656969,975.0041504,484.4144897,484.4468994,14.46415138,-6.085473537,484.4468994,70
10754,0.500388145,-0.234631762,0.308852017,0.070346095,3.422177792,-0.088199086,975.0041504,484.4144897,484.5910034,14.35534859,-6.185919762,484.5910034,70
10764,0.505176544,-0.237025961,0.04309563,0.07194487,3.41258502,-0.075142421,975.0041504,484.4144897,484.714447,14.22971821,-6.286389828,484.714447,70
10774,0.383072257,-0.220266551,0.105344877,0.075941809,3.402459383,-0.065283306,974.9417114,484.948761,484.8562012,14.12054157,-6.386692524,484.8562012,70
10784,0.411802679,-0.237025961,0.244208574,0.078872897,3.392067432,-0.05249311,974.9417114,484.948761,484.9968567,14.0113678,-6.48716259,484.9968567,70
10794,0.469263524,-0.165199921,0.210689753,0.080738127,3.384340048,-0.040502299,974.9417114,484.948761,485.1364136,13.9017725,-6.586914539,485.1364136,70
10804,0.497993946,-0.134075299,0.031124622,0.084202148,3.375813007,-0.027445635,974.9417114,484.948761,485.2547607,13.77377224,-6.686355114,485.2547607,70
10814,0.414196908,-0.162805721,0.134075299,0.084468603,3.366220474,-0.016254211,974.8809204,485.4688416,485.3919373,13.66383934,-6.786083221,485.3919373,70
10824,0.497993946,-0.138863698,0.277727395,0.084735066,3.357693672,-0.00319755,974.8809204,485.4688416,485.5280151,13.55371284,-6.885571957,485.5280151,70
10834,0.524330199,-0.177170932,0.232237563,0.087399691,3.348900557,0.007194487,974.8809204,485.4688416,485.6629944,13.44370174,-6.985443592,485.6629944,70
10844,0.442927301,-0.162805721,0.208295554,0.088199086,3.340640306,0.017852986,974.8809204,485.4688416,485.7764587,13.31399822,-7.0851717,485.7764587,70
10854,0.423773706,-0.189141929,0.248996973,0.087666154,3.3315804,0.03011026,974.8201294,485.9889526,485.9090576,13.20370483,-7.185163021,485.9090576,70
10864,0.565031588,-0.191536129,0.18435353,0.088732004,3.322520494,0.043433387,974.8201294,485.9889526,486.0405579,13.09335232,-7.285178185,486.0405579,70
10874,0.548272192,-0.150834709,0.150834709,0.088465542,3.310529709,0.05595712,974.8201294,485.9889526,486.170929,12.98272133,-7.384786606,486.170929,70
10884,0.459686726,-0.181959331,0.270544797,0.087666154,3.302003145,0.067947932,974.7611084,486.4943237,486.3124695,12.88460064,-7.484706402,486.3124695,70
10894,0.536301196,-0.16759412,0.280121595,0.085001536,3.287347794,0.081537522,974.7611084,486.4943237,486.4407654,12.77404594,-7.584482193,486.4407654,70
10904,0.545877993,-0.150834709,0.210689753,0.082869835,3.278287888,0.094327718,974.7611084,486.4943237,486.5679626,12.6633358,-7.684090614,486.5679626,70
10914,0.462080926,-0.146046311,0.045489833,0.080471672,3.267629385,0.107917301,974.7611084,486.4943237,486.6940613,12.55253124,-7.783650875,486.6940613,70
10924,0.550666392,-0.16759412,0.158017308,0.075941809,3.259369135,0.119908117,974.7054443,486.9707336,486.8287659,12.45222569,-7.883426666,486.8287659,70
10934,0.598550439,-0.191536129,0.198718742,0.07301072,3.244713783,0.1334977,974.7054443,486.9707336,486.9527283,12.3416357,-7.98344183,486.9527283,70
10944,0.524330199,-0.150834709,0.117315881,0.069280244,3.22872591,0.146820813,974.7054443,486.9707336,487.075592,12.23076439,-8.083049774,487.075592,70
10954,0.577002585,-0.20350714,0.299275219,0.064483918,3.214603424,0.159611031,974.7054443,486.9707336,487.1973572,12.12010384,-8.183184624,487.1973572,70
10964,0.55784899,-0.217872351,0.304063618,0.062085759,3.19968152,0.172934145,974.6480713,487.4619446,487.3274536,12.02014923,-8.283463478,487.3274536,70
10974,0.579396784,-0.153228909,0.282515794,0.057289433,3.186624765,0.18492496,974.6480713,487.4619446,487.447113,11.90920448,-8.383095741,487.447113,70
10984,0.610521436,-0.146046311,0.222660765,0.05142726,3.173301458,0.198514536,974.6480713,487.4619446,487.5656433,11.79815388,-8.482656479,487.5656433,70
10994,0.610521436,-0.177170932,0.318428814,0.045565084,3.164508343,0.212370604,974.6480713,487.4619446,487.683075,11.68720245,-8.582528114,487.683075,70
11004,0.529118598,-0.174776718,0.268150598,0.04103522,3.153316975,0.224094957,974.5923462,487.9389343,487.8087769,11.58735657,-8.682375908,487.8087769,70
11014,0.624886632,-0.177170932,0.29688102,0.034906585,3.14026022,0.236618683,974.5923462,487.9389343,487.9241028,11.4763937,-8.782247543,487.9241028,70
11024,0.620098233,-0.129286885,0.37110126,0.02797856,3.12800312,0.249142408,974.5923462,487.9389343,488.0383301,11.36510086,-8.881640434,488.0383301,70
11034,0.531512797,-0.162805721,0.234631762,0.022116385,3.113614082,0.259800911,974.5383301,488.4011841,488.1514282,11.25392246,-8.981368065,488.1514282,70
11044,0.656011283,-0.138863698,0.282515794,0.014388974,3.096027613,0.272324651,974.5383301,488.4011841,488.2729187,11.1544466,-9.080856323,488.2729187,70
11054,0.663193882,-0.179565132,0.325611442,0.004796324,3.08003974,0.283782542,974.5383301,488.4011841,488.3839111,11.04335213,-9.180751801,488.3839111,70
11064,0.572214186,-0.177170932,0.299275219,-0.004796324,3.063785791,0.294707507,974.5383301,488.4011841,488.4938049,10.93217373,-9.280623436,488.4938049,70
11074,0.703895271,-0.169988319,0.253785372,-0.014921899,3.051794767,0.304033697,974.4877319,488.8344421,488.6025696,10.8208828,-9.380423546,488.6025696,70
11084,0.723048925,-0.155623108,0.301669419,-0.024514547,3.049663067,0.313093394,974.4877319,488.8344421,488.7190552,10.72098351,-9.480079651,488.7190552,70
11094,0.624886632,-0.162805721,0.311246216,-0.035705972,3.048597097,0.320554376,974.4877319,488.8344421,488.8257141,10.60962963,-9.579807281,488.8257141,70
11104,0.63206923,-0.179565132,0.349553436,-0.047430322,3.041402578,0.32934764,974.4877319,488.8344421,488.9312744,10.49829388,-9.679702759,488.9312744,70
11114,0.806845963,-0.134075299,0.407014281,-0.059687596,3.026747227,0.338140905,974.4371338,489.2677612,489.0357056,10.38662052,-9.779143333,489.0357056,70
11124,0.684741676,-0.158017308,0.476446152,-0.071411945,3.011292458,0.34906584,974.4371338,489.2677612,489.1484375,10.28784561,-9.87882328,489.1484375,70
11134,0.689530075,-0.153228909,0.349553436,-0.08207044,3.002499104,0.358658493,974.4371338,489.2677612,489.2507629,10.17625999,-9.978455544,489.2507629,70
11144,0.720654726,-0.153228909,0.253785372,-0.093794793,2.993439436,0.367185295,974.4371338,489.2677612,489.3519897,10.06459141,-10.07808781,489.3519897,70
11154,0.754173517,-0.158017308,0.306457818,-0.106584989,2.984646082,0.37704441,974.3881836,489.6868286,489.4520874,9.952866554,-10.17776775,489.4520874,70
11164,0.703895271,-0.126892686,0.411802679,-0.121240422,2.974254131,0.384771824,974.3881836,489.6868286,489.5613098,9.855355263,-10.2771368,489.5613098,70
11174,0.74459672,-0.146046311,0.430956304,-0.132964775,2.967592716,0.395430326,974.3881836,489.6868286,489.6593018,9.743541718,-10.37669754,489.6593018,70
11184,0.718260527,-0.174776718,0.351947635,-0.14495559,2.957999945,0.404490054,974.3409424,490.0911865,489.7561951,9.631809235,-10.47654533,489.7561951,70
11194,0.636857629,-0.158017308,0.440533102,-0.158278719,2.94814086,0.413283318,974.3409424,490.0911865,489.8519592,9.519886971,-10.57622528,489.8519592,70
11204,0.811634362,-0.158017308,0.462080926,-0.172401235,2.948407412,0.421543658,974.3409424,490.0911865,489.9578857,9.424303055,-10.67590523,489.9578857,70
11214,0.746990919,-0.162805721,0.486022949,-0.187056661,2.955868244,0.429537535,974.3409424,490.0911865,490.0515747,9.312397957,-10.77563286,490.0515747,70
11224,0.682347476,-0.146046311,0.450109929,-0.201978564,2.963595629,0.436465532,974.2952881,490.4823608,490.1441345,9.200295448,-10.8751936,490.1441345,70
11234,0.725443125,-0.160411507,0.457292527,-0.216367543,2.976119518,0.443926483,974.2952881,490.4823608,490.2355957,9.088182449,-10.97489738,490.2355957,70
11244,0.699106872,-0.134075299,0.48123455,-0.232088804,2.980915785,0.448456347,974.2952881,490.4823608,490.338562,8.994667053,-11.07433796,490.338562,70
11254,0.696712673,-0.162805721,0.586579442,-0.249675348,2.989709139,0.451387435,974.2952881,490.4823608,490.427948,8.882565498,-11.17406559,490.427948,70
11264,0.785298169,-0.158017308,0.500388145,-0.265396625,2.99903512,0.454851478,974.2531128,490.8434753,490.5162354,8.770330429,-11.27374554,490.5162354,70
11274,0.663193882,-0.141257897,0.438138902,-0.283249617,3.010759592,0.456716686,974.2531128,490.8434753,490.6033936,8.657883644,-11.37325859,490.6033936,70
11284,0.658405483,-0.136469498,0.651222885,-0.300303191,3.030744076,0.457516104,974.2531128,490.8434753,490.702301,8.56491375,-11.47272301,490.702301,70
11294,0.864306808,-0.129286885,0.598550439,-0.319222063,3.046731949,0.459647775,974.2531128,490.8434753,490.7874146,8.452374458,-11.5721159,490.7874146,70
11304,0.679953277,-0.117315881,0.598550439,-0.335476279,3.069114923,0.460447162,974.2160645,491.1608887,490.8713989,8.339644432,-11.67138863,490.8713989,70
11314,0.665588081,-0.162805721,0.567425787,-0.352796346,3.083503723,0.461779475,974.2160645,491.1608887,490.9542542,8.227089882,-11.77111626,490.9542542,70
11324,0.665588081,-0.124498487,0.612915635,-0.371182233,3.092829943,0.462578863,974.2160645,491.1608887,491.0467529,8.130897522,-11.87046146,491.0467529,70
11334,0.677559078,-0.124498487,0.701501071,-0.387969375,3.108284712,0.460713625,974.1771851,491.4935608,491.1275024,8.018029213,-11.96980667,491.1275024,70
11344,0.751779318,-0.155623108,0.565031588,-0.406621754,3.130667448,0.458315462,974.1771851,491.4935608,491.2071228,7.905241966,-12.06946278,491.2071228,70
11354,0.624886632,-0.129286885,0.529118598,-0.425807029,3.156780958,0.454851478,974.1771851,491.4935608,491.2855835,7.792156696,-12.16885567,491.2855835,70
11364,0.656011283,-0.158017308,0.641646028,-0.44152835,3.173301458,0.453785598,974.1771851,491.4935608,491.3745728,7.697443008,-12.26853561,491.3745728,70
11374,0.703895271,-0.155623108,0.663193882,-0.462578863,3.185026169,0.449255735,974.144165,491.7761841,491.4509583,7.584464073,-12.36819172,491.4509583,70
11384,0.694318473,-0.129286885,0.67037648,-0.480698317,3.199148655,0.444459409,974.144165,491.7761841,491.5262146,7.471177578,-12.46758461,491.5262146,70
11394,0.562637389,-0.146046311,0.735019922,-0.500949442,3.213004589,0.437531412,974.144165,491.7761841,491.6003418,7.357871532,-12.56714535,491.6003418,70
11404,0.629675031,-0.1316811,0.627280831,-0.517203629,3.230591297,0.428738147,974.144165,491.7761841,491.6828003,7.259346485,-12.66656208,491.6828003,70
11414,0.612915635,-0.162805721,0.691924274,-0.535056651,3.258836269,0.421810091,974.1102905,492.0667114,491.7548218,7.146036625,-12.76628971,491.7548218,70
11424,0.536301196,-0.213083953,0.711077929,-0.554508388,3.279620171,0.414349139,974.1102905,492.0667114,491.8257141,7.032940865,-12.86652088,491.8257141,70
11434,0.521935999,-0.146046311,0.761356115,-0.57236141,3.287081003,0.401558936,974.1102905,492.0667114,491.8954773,6.919237137,-12.96608162,491.8954773,70
11444,0.531512797,-0.177170932,0.830788016,-0.591280222,3.292410374,0.3885023,974.1102905,492.0667114,491.9737854,6.82115078,-13.06595325,491.9737854,70
11454,0.600944638,-0.143652096,0.660799682,-0.608600259,3.292410374,0.375179172,974.0749512,492.3693848,492.0414124,6.707299232,-13.16549015,492.0414124,70
11464,0.459686726,-0.220266551,0.66798228,-0.627252638,3.300137758,0.359990805,974.0749512,492.3693848,492.1079102,6.593855858,-13.26579285,492.1079102,70
11474,0.493205547,-0.141257897,0.778115571,-0.645372152,3.309996843,0.345868289,974.0749512,492.3693848,492.1732788,6.479694366,-13.3653059,492.1732788,70
11484,0.620098233,-0.201112941,0.81881696,-0.662159264,3.325718164,0.32934764,974.0427856,492.6446228,492.2770081,6.429475784,-13.46541691,492.2770081,70
11494,0.457292527,-0.14844051,0.852335811,-0.679479301,3.340106964,0.311761081,974.0427856,492.6446228,492.3407288,6.315696239,-13.56500149,492.3407288,70
11504,0.414196908,-0.237025961,0.758961916,-0.696799397,3.336642981,0.292575806,974.0427856,492.6446228,492.4033203,6.20242691,-13.66547203,492.4033203,70
11514,0.493205547,-0.201112941,0.81881696,-0.712520659,3.331313848,0.273124039,974.0427856,492.6446228,492.4647522,6.088745117,-13.76558304,492.4647522,70
11524,0.500388145,-0.18435353,0.900219858,-0.728774905,3.325984478,0.253139347,974.0108032,492.9183044,492.5641479,6.037991047,-13.8655262,492.5641479,70
11534,0.390254885,-0.256179571,0.782903969,-0.744496226,3.315859079,0.230490044,974.0108032,492.9183044,492.6239624,5.925041676,-13.96618843,492.6239624,70
11544,0.375889659,-0.220266551,0.730231524,-0.75835222,3.308131695,0.207574263,974.0108032,492.9183044,492.6826477,5.811676502,-14.06649113,492.6826477,70
11554,0.450109929,-0.270544797,0.902614057,-0.772474706,3.294808626,0.183592647,974.0108032,492.9183044,492.7401733,5.698554993,-14.16729641,492.7401733,70
11564,0.414196908,-0.213083953,0.9672575,-0.786064267,3.274291039,0.159611031,973.9804077,493.1788025,492.8354187,5.647720337,-14.26752758,492.8354187,70
11574,0.344765037,-0.215478152,0.869095206,-0.79992038,3.254039764,0.13456355,973.9804077,493.1788025,492.8913269,5.534479618,-14.36778259,492.8913269,70
11584,0.404620081,-0.220266551,0.837970614,-0.812710524,3.225261927,0.111114852,973.9804077,493.1788025,492.946106,5.421133995,-14.46808529,492.946106,70
11594,0.330399841,-0.232237563,1.019929886,-0.824701369,3.197549582,0.084468603,973.9804077,493.1788025,492.9997253,5.307741165,-14.56850719,492.9997253,70
11604,0.37349546,-0.239420176,1.029506683,-0.835359871,3.173568249,0.05808882,973.9517212,493.4245605,493.0908203,5.256717682,-14.66900158,493.0908203,70
11614,0.320823014,-0.229843363,0.876277804,-0.847350657,3.152251244,0.033574272,973.9517212,493.4245605,493.1428223,5.14360714,-14.76939964,493.1428223,70
11624,0.272938997,-0.241814375,0.849941611,-0.854811668,3.132532835,0.008526799,973.9517212,493.4245605,493.1936646,5.030456543,-14.86991787,493.1936646,70
11634,0.337582439,-0.246602774,0.845153213,-0.864670753,3.116278648,-0.017053599,973.9230347,493.6702881,493.2433777,4.917209625,-14.97048378,493.2433777,70
11644,0.272938997,-0.232237563,1.029506683,-0.873464048,3.10188961,-0.040768761,973.9230347,493.6702881,493.3319092,4.868181705,-15.07090569,493.3319092,70
11654,0.301669419,-0.239420176,0.924161851,-0.880392075,3.085901976,-0.066082694,973.9230347,493.6702881,493.3800049,4.75520134,-15.17140007,493.3800049,70
11664,0.339976639,-0.215478152,1.022324085,-0.885987759,3.070180655,-0.090863705,973.9230347,493.6702881,493.4269714,4.641891479,-15.27165508,493.4269714,70
11674,0.215478152,-0.234631762,0.950498104,-0.892649293,3.05632472,-0.116977029,973.8977051,493.8870544,493.4728088,4.528613567,-15.37210178,493.4728088,70
11684,0.232237563,-0.234631762,0.988805294,-0.899310887,3.037672281,-0.141225114,973.8977051,493.8870544,493.5571289,4.47898674,-15.47254848,493.5571289,70
11694,0.33518824,-0.292092621,0.89064306,-0.90277487,3.023816109,-0.170003071,973.8977051,493.8870544,493.6013794,4.366527081,-15.5735693,493.6013794,70
11704,0.177170932,-0.248996973,1.036689281,-0.908104122,3.017154455,-0.193451747,973.8977051,493.8870544,493.6444702,4.253581047,-15.67415905,493.6444702,70
11714,0.277727395,-0.253785372,0.938527048,-0.913699865,3.014223576,-0.219298616,973.8740845,494.0895691,493.6864319,4.140559673,-15.77479649,493.6864319,70
11724,0.215478152,-0.263362199,1.027112484,-0.917963266,3.013690472,-0.24461256,973.8740845,494.0895691,493.7666321,4.090642929,-15.87553024,493.7666321,70
11734,0.210689753,-0.280121595,0.950498104,-0.920094907,3.018486977,-0.271525264,973.8740845,494.0895691,493.8069763,3.97819066,-15.97643185,493.8069763,70
11744,0.268150598,-0.270544797,0.933738649,-0.920627892,3.020618439,-0.29817152,973.8740845,494.0895691,493.8462219,3.865548611,-16.07723808,493.8462219,70
11754,0.119710088,-0.292092621,0.984016895,-0.921160758,3.01662159,-0.322952509,973.8504639,494.2920837,493.8843384,3.752994776,-16.1782589,493.8843384,70
11764,0.150834709,-0.248996973,1.007958889,-0.920894325,3.009959936,-0.348266453,973.8504639,494.2920837,493.9620667,3.705026388,-16.27884865,493.9620667,70
11774,0.196324542,-0.256179571,0.979228497,-0.920894325,3.005696774,-0.374646246,973.8504639,494.2920837,493.9985657,3.592529774,-16.37951088,493.9985657,70
11784,0.107739076,-0.272938997,1.012747288,-0.919029117,3.012358189,-0.398627877,973.8302612,494.4650574,494.0339355,3.48009181,-16.48034096,494.0339355,70
11794,0.239420176,-0.282515794,0.909796655,-0.916897416,3.022750378,-0.423941821,973.8302612,494.4650574,494.0681763,3.367652416,-16.5812664,494.0681763,70
11804,0.10055647,-0.308852017,1.055842996,-0.912367582,3.038205147,-0.449255735,973.8302612,494.4650574,494.1416931,3.319499969,-16.68245506,494.1416931,70
11814,0.143652096,-0.318428814,0.988805294,-0.907304764,3.051261902,-0.474303216,973.8302612,494.4650574,494.1743469,3.20778203,-16.78373909,494.1743469,70
11824,0.143652096,-0.256179571,0.979228497,-0.900376737,3.059522152,-0.499084204,973.8099976,494.6385803,494.2058716,3.095418453,-16.88440132,494.2058716,70
11834,0.110133275,-0.313640416,0.926556051,-0.894514501,3.073378086,-0.525463998,973.8099976,494.6385803,494.2362671,2.983514071,-16.98563766,494.2362671,70
11844,0.035913024,-0.289698392,0.957680702,-0.885721326,3.092297077,-0.550511479,973.8099976,494.6385803,494.307312,2.937258005,-17.08663559,494.307312,70
11854,0.172382519,-0.308852017,0.897825658,-0.876928031,3.110150099,-0.574759543,973.8099976,494.6385803,494.3361206,2.825745583,-17.18782425,494.3361206,70
11864,0.086191259,-0.294486821,0.948103845,-0.867335379,3.127203465,-0.599274099,973.7897949,494.8115845,494.3638306,2.714042902,-17.28886986,494.3638306,70
11874,0.026336219,-0.29688102,0.948103845,-0.856410444,3.146122456,-0.62325573,973.7897949,494.8115845,494.3904114,2.602310658,-17.38993835,494.3904114,70
11884,0.076614454,-0.306457818,0.900219858,-0.844419599,3.162642956,-0.646704435,973.7897949,494.8115845,494.4604797,2.560617685,-17.49110222,494.4604797,70
11894,-0.004788403,-0.294486821,0.897825658,-0.832695246,3.180229664,-0.672018409,973.7897949,494.8115845,494.4855347,2.449359894,-17.59214783,494.4855347,70
11904,-0.009576807,-0.284909993,0.924161851,-0.818306327,3.193819284,-0.696532905,973.7711792,494.9708557,494.509491,2.337973595,-17.69309616,494.509491,70
11914,0.050278235,-0.318428814,0.85473001,-0.804183781,3.20900774,-0.719981611,973.7711792,494.9708557,494.5323181,2.226871729,-17.79438019,494.5323181,70
11924,-0.172382519,-0.313640416,0.969651699,-0.790594161,3.224462509,-0.745562017,973.7711792,494.9708557,494.6012268,2.189366341,-17.89561653,494.6012268,70
11934,-0.122104287,-0.318428814,0.876277804,-0.774073541,3.23485446,-0.769543648,973.7559204,495.1016541,494.6225586,2.07881999,-17.99690056,494.6225586,70
11944,-0.055066638,-0.325611442,0.842759013,-0.757552803,3.244446993,-0.795123994,973.7559204,495.1016541,494.6427917,1.96832335,-18.09825706,494.6427917,70
11954,-0.174776718,-0.359130263,0.89303726,-0.739433408,3.264431715,-0.820970893,973.7559204,495.1016541,494.6619263,1.858132601,-18.19994926,494.6619263,70
11964,-0.098162271,-0.337582439,0.849941611,-0.720781028,3.290811777,-0.846284807,973.7559204,495.1016541,494.7279053,1.822093129,-18.30142593,494.7279053,70
11974,-0.059855044,-0.328005642,0.842759013,-0.701862156,3.316125631,-0.872398198,973.7424927,495.2166443,494.745575,1.71219337,-18.40280533,494.745575,70
11984,-0.248996973,-0.37110126,0.785298169,-0.682943344,3.342771769,-0.899843752,973.7424927,495.2166443,494.762146,1.602704763,-18.50461578,494.762146,70
11994,-0.076614454,-0.349553436,0.81881696,-0.662958682,3.368085623,-0.927022934,973.7424927,495.2166443,494.7776184,1.493015885,-18.60621071,494.7776184,70
12004,-0.122104287,-0.356736064,0.830788016,-0.641641676,3.396064281,-0.952070415,973.7424927,495.2166443,494.8403931,1.458032489,-18.70787811,494.8403931,70
12014,-0.246602774,-0.349553436,0.739808321,-0.618725896,3.416049004,-0.975785613,973.7307129,495.3179016,494.8544312,1.3489573,-18.80947304,494.8544312,70
12024,-0.258573771,-0.368707061,0.687135875,-0.593411922,3.435234308,-0.999767244,973.7307129,495.3179016,494.8673706,1.240082264,-18.9112606,494.8673706,70
12034,-0.162805721,-0.378283858,0.711077929,-0.56516695,3.449090242,-1.02321589,973.7307129,495.3179016,494.8792114,1.131321073,-19.01314354,494.8792114,70
12044,-0.126892686,-0.363918662,0.720654726,-0.539053619,3.465078115,-1.046664596,973.7307129,495.3179016,494.9388428,1.097309351,-19.11488342,494.9388428,70
12054,-0.265756398,-0.33518824,0.641646028,-0.508943319,3.478401184,-1.068514585,973.722168,495.3907166,494.9492798,0.988777101,-19.2163353,494.9492798,70
12064,-0.308852017,-0.37110126,0.59376204,-0.480165392,3.49358964,-1.089032173,973.722168,495.3907166,494.9586182,0.880618572,-19.31814575,494.9586182,70
12074,-0.237025961,-0.351947635,0.70628953,-0.44978866,3.509044409,-1.106618643,973.722168,495.3907166,494.9668884,0.772319973,-19.41976547,494.9668884,70
12084,-0.229843363,-0.385466486,0.737414122,-0.419145465,3.521834612,-1.125803947,973.7154541,495.4481812,495.0282288,0.746857047,-19.52172089,495.0282288,70
12094,-0.330399841,-0.407014281,0.749385118,-0.384771824,3.535157681,-1.142324567,973.7154541,495.4481812,495.0351563,0.639781594,-19.62389183,495.0351563,70
12104,-0.318428814,-0.361524463,0.624886632,-0.351996928,3.545016766,-1.159644723,973.7154541,495.4481812,495.0410156,0.532332122,-19.72560692,495.0410156,70
12114,-0.320823014,-0.383072257,0.665588081,-0.317623258,3.550879002,-1.17696476,973.7154541,495.4481812,495.0457764,0.425135106,-19.82753754,495.0457764,70
12124,-0.349553436,-0.387860686,0.629675031,-0.280318528,3.565001488,-1.191886663,973.7087402,495.5062256,495.1016541,0.396980166,-19.92951584,495.1016541,70
12134,-0.277727395,-0.40940848,0.689530075,-0.243813157,3.584186792,-1.205209851,973.7087402,495.5062256,495.1051025,0.290713906,-20.03170967,495.1051025,70
12144,-0.407014281,-0.435744703,0.648828685,-0.207307816,3.610033512,-1.219065785,973.7087402,495.5062256,495.1074829,0.184744656,-20.13416672,495.1074829,70
12154,-0.318428814,-0.37349546,0.533906996,-0.170269519,3.628153324,-1.22999084,973.7087402,495.5062256,495.1088257,0.07827758,-20.23600197,495.1088257,70
12164,-0.37110126,-0.423773706,0.584185243,-0.131898925,3.650802374,-1.23931706,973.7053833,495.5346985,495.1577148,0.045338336,-20.33833885,495.1577148,70
12174,-0.342370838,-0.426167905,0.679953277,-0.095127106,3.668389082,-1.249975562,973.7053833,495.5346985,495.1576538,-0.060010266,-20.44070053,495.1576538,70
12184,-0.40940848,-0.411802679,0.548272192,-0.056756508,3.695568323,-1.26116693,973.7053833,495.5346985,495.1565247,-0.165418044,-20.54291916,495.1565247,70
12194,-0.328005642,-0.433350503,0.493205547,-0.019718224,3.720882177,-1.266496181,973.7053833,495.5346985,495.1543579,-0.270567298,-20.64535332,495.1543579,70
12204,-0.416591108,-0.407014281,0.577002585,0.017053599,3.745396376,-1.273690581,973.7020264,495.5637207,495.1981812,-0.305682629,-20.74752426,495.1981812,70
12214,-0.217872351,-0.407014281,0.553060591,0.055690661,3.772842169,-1.27768755,973.7020264,495.5637207,495.1946106,-0.410435587,-20.84969521,495.1946106,70
12224,-0.280121595,-0.392649084,0.423773706,0.093794793,3.809081078,-1.280618668,973.7020264,495.5637207,495.1900024,-0.515234709,-20.95172119,495.1900024,70
12234,-0.438138902,-0.423773706,0.500388145,0.1334977,3.837859154,-1.283816218,973.7020264,495.5637207,495.1843262,-0.619694889,-21.05405807,495.1843262,70
12244,-0.318428814,-0.40940848,0.497993946,0.173200607,3.86024189,-1.283549786,973.7020264,495.5637207,495.2215576,-0.65913552,-21.15625191,495.2215576,70
12254,-0.308852017,-0.404620081,0.48362875,0.211304754,3.887687683,-1.283549786,973.7020264,495.5637207,495.214447,-0.763173461,-21.25839806,495.214447,70
12264,-0.265756398,-0.426167905,0.392649084,0.251807034,3.914600134,-1.28301692,973.7020264,495.5637207,495.2062988,-0.866958261,-21.36075974,495.2062988,70
12274,-0.351947635,-0.411802679,0.521935999,0.292042881,3.938049078,-1.279819369,973.7036743,495.549469,495.197113,-0.970777452,-21.46297836,495.197113,70
12284,-0.284909993,-0.423773706,0.40940848,0.330946386,3.958300352,-1.275022984,973.7036743,495.549469,495.2280579,-1.013976336,-21.56531525,495.2280579,70
12294,-0.29688102,-0.421379507,0.488417149,0.36878407,3.982015133,-1.265963197,973.7036743,495.549469,495.2174072,-1.117184758,-21.66762924,495.2174072,70
12304,-0.306457818,-0.40940848,0.399831682,0.407421142,4.004664421,-1.256637096,973.7036743,495.549469,495.205719,-1.220404983,-21.76982307,495.205719,70
12314,-0.301669419,-0.418985307,0.387860686,0.446857601,4.021984577,-1.246245027,973.7070313,495.5204468,495.1929932,-1.32347095,-21.87211227,495.1929932,70
12324,-0.246602774,-0.390254885,0.339976639,0.486826956,4.035307884,-1.234254241,973.7070313,495.5204468,495.217865,-1.370465636,-21.97411537,495.217865,70
12334,-0.284909993,-0.402225882,0.423773706,0.526796341,4.048630714,-1.221197605,973.7070313,495.5204468,495.2036438,-1.473163724,-22.07623672,495.2036438,70
12344,-0.270544797,-0.407014281,0.287304193,0.564634025,4.061154842,-1.205742717,973.7070313,495.5204468,495.188385,-1.575746536,-22.17840767,495.188385,70
12354,-0.241814375,-0.440533102,0.328005642,0.604336917,4.069415092,-1.18948853,973.7137451,495.4629517,495.1721191,-1.678012729,-22.2809124,495.1721191,70
12364,-0.258573771,-0.411802679,0.339976639,0.644839168,4.07634306,-1.170836091,973.7137451,495.4629517,495.1895752,-1.730327964,-22.38313103,495.1895752,70
12374,-0.217872351,-0.40940848,0.347159237,0.683476269,4.07954073,-1.150318503,973.7137451,495.4629517,495.1717529,-1.832378626,-22.48532486,495.1717529,70
12384,-0.244208574,-0.380678058,0.366312861,0.718915761,4.079274178,-1.129001498,973.72052,495.4049377,495.1529236,-1.934542894,-22.58723259,495.1529236,70
12394,-0.201112941,-0.414196908,0.33518824,0.756486952,4.077675343,-1.10635221,973.72052,495.4049377,495.1330566,-2.036407232,-22.68947411,495.1330566,70
12404,-0.169988319,-0.342370838,0.251391172,0.790860653,4.075277328,-1.080771804,973.72052,495.4049377,495.14505,-2.091795921,-22.79099846,495.14505,70
12414,-0.239420176,-0.375889659,0.292092621,0.827099502,4.072612286,-1.056790233,973.72052,495.4049377,495.1236267,-2.193510771,-22.8928566,495.1236267,70
12424,-0.220266551,-0.368707061,0.33518824,0.860407352,4.066483974,-1.028811574,973.7290039,495.3321533,495.1011658,-2.29519248,-22.99464417,495.1011658,70
12434,-0.1316811,-0.380678058,0.251391172,0.893715203,4.061687469,-1.000833035,973.7290039,495.3321533,495.0776978,-2.396724224,-23.0965519,495.0776978,70
12444,-0.160411507,-0.349553436,0.351947635,0.924358368,4.052894592,-0.970189929,973.7290039,495.3321533,495.0843811,-2.454463959,-23.19814682,495.0843811,70
12454,-0.177170932,-0.316034615,0.253785372,0.954468608,4.045700073,-0.937415004,973.7290039,495.3321533,495.0593262,-2.556013823,-23.29940796,495.0593262,70
12464,-0.098162271,-0.354341865,0.344765037,0.983246505,4.036906719,-0.905439496,973.7374268,495.260437,495.0332336,-2.657269239,-23.40105057,495.0332336,70
12474,-0.122104287,-0.368707061,0.325611442,1.010958672,4.031044483,-0.87159878,973.7374268,495.260437,495.006134,-2.758372545,-23.50283813,495.006134,70
12484,-0.093373865,-0.351947635,0.361524463,1.036805511,4.02331686,-0.836159289,973.7374268,495.260437,495.0093994,-2.81586647,-23.60445786,495.0093994,70
12494,-0.10295067,-0.33518824,0.347159237,1.060520649,4.016655445,-0.801252663,973.7374268,495.1739197,494.9807129,-2.916820765,-23.70590973,494.9807129,70
12504,-0.098162271,-0.342370838,0.277727395,1.079972386,4.00866127,-0.765280247,973.7474976,495.1739197,494.9510193,-3.017670155,-23.80743408,494.9510193,70
12514,-0.090979666,-0.375889659,0.301669419,1.099157691,4.001733303,-0.729574263,973.7474976,495.1739197,494.9203491,-3.118285179,-23.90929222,494.9203491,70
12524,-0.045489833,-0.354341865,0.426167905,1.116477847,3.991874456,-0.693335354,973.7474976,495.1739197,494.920166,-3.175757408,-24.01093483,494.920166,70
12534,-0.10295067,-0.356736064,0.402225882,1.132998466,3.984413385,-0.65762943,973.7576294,495.0868835,494.8879089,-3.27617383,-24.11260223,494.8879089,70
12544,-0.069431849,-0.366312861,0.347159237,1.146055102,3.977485418,-0.619258761,973.7576294,495.0868835,494.8546448,-3.376488924,-24.21436501,494.8546448,70
12554,-0.002394202,-0.33518824,0.356736064,1.158845425,3.967626333,-0.580355287,973.7576294,495.0868835,494.8204041,-3.476892471,-24.31581688,494.8204041,70
12564,-0.112527482,-0.351947635,0.48362875,1.168704391,3.958300352,-0.541451752,973.7576294,495.0868835,494.8182068,-3.532464504,-24.4174366,494.8182068,70
12574,-0.02873042,-0.313640416,0.438138902,1.176165342,3.948973894,-0.50281471,973.7751465,494.9371033,494.7823792,-3.632689714,-24.51867294,494.7823792,70
12584,0.031124622,-0.323217243,0.399831682,1.182560444,3.937516212,-0.463644713,973.7751465,494.9371033,494.745575,-3.732822418,-24.62000465,494.745575,70
12594,-0.090979666,-0.29688102,0.435744703,1.189754963,3.929522038,-0.423675328,973.7751465,494.9371033,494.7077637,-3.833016157,-24.72107315,494.7077637,70
12604,-0.019153614,-0.294486821,0.51954174,1.193218946,3.918330669,-0.384771824,973.7751465,494.9371033,494.6980896,-3.894355536,-24.82211876,494.6980896,70
12614,-0.033518825,-0.275333196,0.418985307,1.195084214,3.909537554,-0.344269514,973.7902832,494.807373,494.6586609,-3.994406939,-24.92297173,494.6586609,70
12624,-0.035913024,-0.284909993,0.440533102,1.192952514,3.901277065,-0.302701384,973.7902832,494.807373,494.6182251,-4.09437561,-25.02392006,494.6182251,70
12634,-0.019153614,-0.313640416,0.548272192,1.191087365,3.889552832,-0.264597237,973.7902832,494.807373,494.5767822,-4.194191456,-25.1251564,494.5767822,70
12644,-0.009576807,-0.294486821,0.495599747,1.186024547,3.880226851,-0.22542727,973.7902832,494.6765442,494.5496826,-4.27395916,-25.22620201,494.5496826,70
12654,-0.045489833,-0.306457818,0.521935999,1.179629326,3.871433258,-0.187323123,973.805542,494.6765442,494.5064697,-4.373661995,-25.32736588,494.5064697,70
12664,-0.081402861,-0.308852017,0.735019922,1.171369076,3.859709024,-0.148686066,973.805542,494.6765442,494.4622498,-4.473320961,-25.42855453,494.4622498,70
12674,-0.16759412,-0.330399841,0.730231524,1.160444021,3.848251343,-0.11298009,973.805542,494.6765442,494.4170227,-4.572871208,-25.52995872,494.4170227,70
12684,-0.074220255,-0.225054964,0.579396784,1.14792037,3.836793184,-0.078606427,973.8184204,494.5663147,494.3916931,-4.645842552,-25.63031006,494.3916931,70
12694,-0.074220255,-0.265756398,0.646434486,1.132465601,3.827200651,-0.042101074,973.8184204,494.5663147,494.3447571,-4.745471478,-25.73106766,494.3447571,70
12704,-0.124498487,-0.29688102,0.684741676,1.116477847,3.815476179,-0.007993874,973.8184204,494.5663147,494.296814,-4.844967365,-25.83213615,494.296814,70
12714,-0.055066638,-0.301669419,0.684741676,1.098091841,3.803751945,0.023182238,973.8184204,494.5663147,494.2478638,-4.944420338,-25.93325233,494.2478638,70
12724,-0.08379706,-0.301669419,0.735019922,1.078373671,3.792560577,0.05489127,973.8386841,494.3928223,494.2185669,-5.017728806,-26.03436852,494.2185669,70
12734,-0.090979666,-0.306457818,0.746990919,1.056523681,3.778704405,0.083402753,973.8386841,494.3928223,494.1679077,-5.117044926,-26.13553238,494.1679077,70
12744,-0.158017308,-0.272938997,0.718260527,1.032542109,3.768578768,0.110049009,973.8386841,494.3928223,494.1162415,-5.216442108,-26.23636246,494.1162415,70
12754,-0.150834709,-0.294486821,0.735019922,1.006162286,3.758453131,0.139359877,973.8386841,494.3928223,494.0635986,-5.315752029,-26.33740807,494.0635986,70
12764,-0.04309563,-0.265756398,0.799663365,0.980315447,3.744330645,0.163607955,973.8588867,494.2198181,494.0319214,-5.387759209,-26.43816566,494.0319214,70
12774,-0.253785372,-0.275333196,0.694318473,0.953136265,3.731806993,0.185191423,973.8588867,494.2198181,493.9775696,-5.48701334,-26.53901863,493.9775696,70
12784,-0.227449164,-0.275333196,0.66798228,0.924358368,3.724346161,0.207574263,973.8588867,494.2198181,493.9222107,-5.586249352,-26.6398716,493.9222107,70
12794,-0.090979666,-0.263362199,0.830788016,0.893448651,3.712355137,0.227558956,973.8588867,494.0457764,493.8658447,-5.685502052,-26.7406044,493.8658447,70
12804,-0.248996973,-0.287304193,0.89064306,0.864937186,3.699565172,0.244346097,973.8792114,494.0457764,493.8330994,-5.754582882,-26.84157753,493.8330994,70
12814,-0.301669419,-0.313640416,0.739808321,0.833494663,3.691570997,0.258202136,973.8792114,494.0457764,493.7750549,-5.853588104,-26.94281387,493.7750549,70
12824,-0.122104287,-0.227449164,0.864306808,0.801519156,3.677182198,0.271791726,973.8792114,494.0457764,493.7160339,-5.952815056,-27.0431881,493.7160339,70
12834,-0.222660765,-0.287304193,0.895431459,0.769277155,3.660928011,0.283782542,973.901123,493.8580322,493.6560059,-6.051866531,-27.14416122,493.6560059,70
12844,-0.426167905,-0.253785372,0.835576415,0.735170007,3.650269508,0.29497394,973.901123,493.8580322,493.6219482,-6.118569851,-27.24479866,493.6219482,70
12854,-0.241814375,-0.275333196,0.830788016,0.702661514,3.636679888,0.301901996,973.901123,493.8580322,493.5602722,-6.21754837,-27.34565163,493.5602722,70
12864,-0.344765037,-0.277727395,0.857124209,0.668021441,3.629485369,0.307764143,973.901123,493.8580322,493.4976196,-6.316509724,-27.44652939,493.4976196,70
12874,-0.356736064,-0.287304193,0.888248801,0.635513008,3.616695166,0.312294006,973.9263916,493.6412964,493.43396,-6.415435791,-27.54750252,493.43396,70
12884,-0.40940848,-0.320823014,0.768538773,0.601672292,3.603638649,0.314425707,973.9263916,493.6412964,493.3968811,-6.481684208,-27.64881134,493.3968811,70
12894,-0.452504128,-0.277727395,0.775721371,0.5662328,3.592713833,0.313892812,973.9263916,493.6412964,493.3315735,-6.580536366,-27.7496891,493.3315735,70
12904,-0.416591108,-0.289698392,0.907402456,0.532125592,3.587384462,0.312027574,973.9263916,493.6412964,493.2652893,-6.679349899,-27.85068703,493.2652893,70
12914,-0.356736064,-0.313640416,0.955286503,0.499350697,3.584719658,0.30749771,973.9534302,493.40979,493.197998,-6.778096199,-27.95192337,493.197998,70
12924,-0.450109929,-0.294486821,0.814028561,0.467108727,3.576459408,0.300836146,973.9534302,493.40979,493.1577759,-6.844276905,-28.05296898,493.1577759,70
12934,-0.553060591,-0.270544797,0.81881696,0.434866786,3.566333771,0.292042881,973.9534302,493.40979,493.0888367,-6.943033695,-28.15377426,493.0888367,70
12944,-0.466869324,-0.313640416,0.763750315,0.403424203,3.556474686,0.282450229,973.9534302,493.1788025,493.0189209,-7.041680813,-28.2550106,493.0189209,70
12954,-0.507570744,-0.325611442,0.770932972,0.372248113,3.550879002,0.270459414,973.9804077,493.1788025,492.9480286,-7.140292645,-28.35636711,492.9480286,70
12964,-0.577002585,-0.325611442,0.675164878,0.343203664,3.548480749,0.257136285,973.9804077,493.1788025,492.9060669,-7.204663754,-28.45772362,492.9060669,70
12974,-0.529118598,-0.368707061,0.914585054,0.313892812,3.540220499,0.241681471,973.9804077,493.1788025,492.8335266,-7.303087711,-28.55951118,492.8335266,70
12984,-0.447715729,-0.301669419,0.881066203,0.28671363,3.533558846,0.226759583,974.0074463,492.9472961,492.7600098,-7.401655197,-28.66062737,492.7600098,70
12994,-0.581790984,-0.320823014,0.541089594,0.259800911,3.543684483,0.210238889,974.0074463,492.9472961,492.6855164,-7.500173092,-28.76193619,492.6855164,70
13004,-0.651222885,-0.320823014,0.620098233,0.233154669,3.549013615,0.192119434,974.0074463,492.9472961,492.6429749,-7.561629295,-28.86324501,492.6429749,70
13014,-0.600944638,-0.363918662,0.684741676,0.208373666,3.557540655,0.173999995,974.0074463,492.9472961,492.566864,-7.659963608,-28.96498489,492.566864,70
13024,-0.418985307,-0.404620081,0.916979253,0.184125587,3.556740999,0.151084229,974.0394287,492.6736145,492.4897766,-7.758209705,-29.06713104,492.4897766,70
13034,-0.545877993,-0.320823014,0.737414122,0.163075045,3.557807207,0.128967836,974.0394287,492.6736145,492.4117126,-7.856621742,-29.16843987,492.4117126,70
13044,-0.629675031,-0.368707061,0.366312861,0.142024502,3.557807207,0.107384384,974.0394287,492.6736145,492.3656006,-7.918560028,-29.27022743,492.3656006,70
13054,-0.653617084,-0.366312861,0.545877993,0.124171518,3.559938669,0.085267991,974.0394287,492.6736145,492.2859192,-8.016798973,-29.3719902,492.2859192,70
13064,-0.600944638,-0.378283858,0.797269166,0.107917301,3.563935518,0.061819296,974.0733032,492.3830872,492.2052612,-8.115011215,-29.47387314,492.2052612,70
13074,-0.497993946,-0.380678058,0.658405483,0.093794793,3.565534353,0.038370594,974.0733032,492.3830872,492.1236267,-8.213216782,-29.57578087,492.1236267,70
13084,-0.679953277,-0.399831682,0.244208574,0.080471672,3.567399502,0.014655436,974.0733032,492.3830872,492.0736389,-8.275966644,-29.67787933,492.0736389,70
13094,-0.624886632,-0.339976639,0.347159237,0.068747319,3.568732023,-0.008793262,974.0733032,492.0804138,491.990387,-8.374172211,-29.77937889,491.990387,70
13104,-0.433350503,-0.392649084,0.718260527,0.059154671,3.563402653,-0.034640122,974.1086426,492.0804138,491.9061584,-8.472286224,-29.88140488,491.9061584,70
13114,-0.55784899,-0.450109929,0.675164878,0.05142726,3.558073521,-0.059421133,974.1086426,492.0804138,491.8209534,-8.570307732,-29.98400688,491.8209534,70
13124,-0.562637389,-0.418985307,0.215478152,0.046098009,3.561271191,-0.080738127,974.1086426,492.0804138,491.7673035,-8.633671761,-30.08629608,491.7673035,70
13134,-0.48123455,-0.361524463,0.399831682,0.041568145,3.559938669,-0.105785601,974.144165,491.7761841,491.680481,-8.731776237,-30.18801117,491.680481,70
13144,-0.553060591,-0.418985307,0.646434486,0.038637057,3.553277016,-0.129500762,974.144165,491.7761841,491.5926819,-8.829799652,-30.29030037,491.5926819,70
13154,-0.459686726,-0.380678058,0.524330199,0.037038282,3.546082497,-0.152683005,974.144165,491.7761841,491.5039063,-8.92787838,-30.3922081,491.5039063,70
13164,-0.423773706,-0.37349546,0.229843363,0.038104136,3.538621664,-0.176664621,974.144165,491.7761841,491.4477844,-8.990742683,-30.49404335,491.4477844,70
13174,-0.543483794,-0.397437483,0.330399841,0.038370594,3.533558846,-0.199313939,974.1812744,491.4587708,491.3573914,-9.088758469,-30.59611702,491.3573914,70
13184,-0.435744703,-0.414196908,0.548272192,0.039702907,3.528496027,-0.220897391,974.1812744,491.4587708,491.2660217,-9.186760902,-30.69835854,491.2660217,70
13194,-0.349553436,-0.454898328,0.462080926,0.040768761,3.521035194,-0.241148531,974.1812744,491.4587708,491.1736755,-9.28472805,-30.80100822,491.1736755,70
13204,-0.447715729,-0.44532153,0.366312861,0.045032158,3.514106989,-0.262199074,974.1812744,491.4587708,491.1150513,-9.347084999,-30.90356064,491.1150513,70
13214,-0.399831682,-0.430956304,0.275333196,0.048496172,3.507445812,-0.281384379,974.2217407,491.1118469,491.0210876,-9.445061684,-31.00597,491.0210876,70
13224,-0.363918662,-0.428562105,0.433350503,0.054091886,3.502382755,-0.298704445,974.2217407,491.1118469,490.9261475,-9.54305172,-31.10835648,490.9261475,70
13234,-0.265756398,-0.423773706,0.543483794,0.059421133,3.497053623,-0.313892812,974.2217407,491.1118469,490.8302307,-9.641057014,-31.21069336,490.8302307,70
13244,-0.292092621,-0.411802679,0.397437483,0.066082694,3.49252367,-0.329614073,974.2217407,490.7507019,490.7348938,-9.737502098,-31.31291199,490.7348938,70
13254,-0.268150598,-0.447715729,0.265756398,0.07194487,3.486927986,-0.344003052,974.263916,490.7507019,490.6370239,-9.835517883,-31.4154892,490.6370239,70
13264,-0.294486821,-0.430956304,0.363918662,0.077274114,3.482131481,-0.356526792,974.263916,490.7507019,490.5381775,-9.933554649,-31.51789856,490.5381775,70
13274,-0.210689753,-0.44532153,0.407014281,0.082603365,3.477335453,-0.369050533,974.263916,490.7507019,490.4383545,-10.0316,-31.62045097,490.4383545,70
13284,-0.122104287,-0.493205547,0.584185243,0.090597242,3.469874382,-0.379709035,974.3117676,490.3410645,490.3378601,-10.12933922,-31.72348213,490.3378601,70
13294,-0.055066638,-0.471657723,0.459686726,0.097525269,3.463212729,-0.38956812,974.3117676,490.3410645,490.236084,-10.22740936,-31.82629776,490.236084,70
13304,-0.198718742,-0.488417149,0.495599747,0.105252676,3.458683014,-0.395696759,974.3117676,490.3410645,490.1333313,-10.32549572,-31.92928123,490.1333313,70
13314,-0.129286885,-0.450109929,0.44532153,0.11298009,3.453620195,-0.404223561,974.3117676,490.3410645,490.0296021,-10.4236002,-32.03188324,490.0296021,70
13324,-0.038307227,-0.438138902,0.416591108,0.121506892,3.448823929,-0.410085768,974.3573608,489.9509583,489.9271545,-10.51951504,-32.13436508,489.9271545,70
13334,-0.079008654,-0.430956304,0.471657723,0.129234299,3.443228006,-0.415148526,974.3573608,489.9509583,489.8214722,-10.61764717,-32.23677444,489.8214722,70
13344,-0.095768064,-0.452504128,0.466869324,0.135629401,3.441096544,-0.418079644,974.3573608,489.9509583,489.7148132,-10.71580029,-32.33940125,489.7148132,70
13354,-0.02873042,-0.452504128,0.466869324,0.143356815,3.436566591,-0.420211345,974.3573608,489.9509583,489.6071777,-10.81396961,-32.44202805,489.6071777,70
13364,0.033518825,-0.416591108,0.553060591,0.148952529,3.43230319,-0.422343016,974.4012451,489.5750732,489.5051575,-10.9059248,-32.54429245,489.5051575,70
13374,0.004788403,-0.493205547,0.766144514,0.15428178,3.430438042,-0.425007641,974.4012451,489.5750732,489.3955994,-11.00415707,-32.64732361,489.3955994,70
13384,0.067037649,-0.48362875,0.541089594,0.159344569,3.427240372,-0.423675328,974.4012451,489.5750732,489.2850647,-11.10240364,-32.7502594,489.2850647,70
13394,0.098162271,-0.466869324,0.548272192,0.166006133,3.425108671,-0.420477778,974.4012451,489.1712952,489.1735535,-11.20065689,-32.85302734,489.1735535,70
13404,0.023942016,-0.490811348,0.603338838,0.168137819,3.425641775,-0.421543658,974.4484253,489.1712952,489.0704651,-11.2903738,-32.95603561,489.0704651,70
13414,0.074220255,-0.486022949,0.55784899,0.172667682,3.425641775,-0.419411957,974.4484253,489.1712952,488.9570618,-11.38869476,-33.05899429,488.9570618,70
13424,0.158017308,-0.502782345,0.514753342,0.175332308,3.428306103,-0.416214377,974.4484253,489.1712952,488.8426819,-11.48705482,-33.16212082,488.8426819,70
13434,0.098162271,-0.521935999,0.526724398,0.177464008,3.430970907,-0.412483901,974.4990845,488.7374573,488.7273254,-11.58546066,-33.26544189,488.7273254,70
13444,0.067037649,-0.474051923,0.806845963,0.174266458,3.43017149,-0.407687575,974.4990845,488.7374573,488.6216125,-11.67442036,-33.36828232,488.6216125,70
13454,0.282515794,-0.495599747,0.869095206,0.17506586,3.429905176,-0.402358323,974.4990845,488.7374573,488.5043945,-11.77285576,-33.47134018,488.5043945,70
13464,0.146046311,-0.529118598,0.773327172,0.172134757,3.433102608,-0.399427265,974.4990845,488.7374573,488.3861694,-11.87136459,-33.57472992,488.3861694,70
13474,0.134075299,-0.521935999,0.660799682,0.169470131,3.435767174,-0.394364446,974.5496826,488.3041992,488.2669678,-11.96988773,-33.67805099,488.2669678,70
13484,0.158017308,-0.495599747,0.78050977,0.166539043,3.440563679,-0.388768762,974.5496826,488.3041992,488.15979,-12.05722046,-33.78110886,488.15979,70
13494,0.275333196,-0.507570744,0.986411095,0.161742732,3.445892811,-0.385038286,974.5496826,488.3041992,488.0387268,-12.1557951,-33.88428497,488.0387268,70
13504,0.179565132,-0.476446152,0.847547412,0.153482378,3.450422525,-0.377577305,974.5496826,488.3041992,487.916687,-12.25433636,-33.98714828,487.916687,70
13514,0.193930343,-0.490811348,0.682347476,0.147886679,3.458683014,-0.373313934,974.6003418,487.8703918,487.7936401,-12.35292721,-34.09015656,487.7936401,70
13524,0.181959331,-0.51954174,0.905008256,0.139626339,3.465877533,-0.366918862,974.6003418,487.8703918,487.6859131,-12.43804264,-34.19345093,487.6859131,70
13534,0.158017308,-0.469263524,1.120486379,0.131366,3.4728055,-0.360790193,974.6003418,487.8703918,487.5610352,-12.53667355,-34.29624176,487.5610352,70
13544,0.169988319,-0.469263524,0.998382092,0.119641654,3.480799437,-0.355194479,974.6003418,487.4081726,487.4351807,-12.63532639,-34.39903259,487.4351807,70
13554,0.119710088,-0.536301196,0.885854602,0.110315464,3.491191387,-0.350664616,974.6543579,487.4081726,487.3083496,-12.73415852,-34.50249481,487.3083496,70
13564,0.177170932,-0.495599747,1.00556469,0.098324656,3.50184989,-0.347200602,974.6543579,487.4081726,487.1986694,-12.81833267,-34.60555267,487.1986694,70
13574,0.105344877,-0.476446152,0.972045898,0.086067379,3.512508392,-0.342937201,974.6543579,487.4081726,487.0700073,-12.91712189,-34.70841599,487.0700073,70
13584,0.208295554,-0.488417149,0.936132848,0.071678407,3.523166895,-0.33973965,974.710022,486.9317322,486.9403381,-13.01596737,-34.81140137,486.9403381,70
13594,0.213083953,-0.541089594,1.07739079,0.055690661,3.534358263,-0.3365421,974.710022,486.9317322,486.8096924,-13.1149807,-34.91491318,486.8096924,70
13604,0.119710088,-0.521935999,1.276109457,0.038903523,3.544217348,-0.335476279,974.710022,486.9317322,486.6979065,-13.19858742,-35.01823425,486.6979065,70
13614,0.002394202,-0.555454791,1.04147768,0.02051761,3.554342985,-0.334676892,974.710022,486.9317322,486.5654297,-13.29776764,-35.12188721,486.5654297,70
13624,0.172382519,-0.533906996,0.960074902,0.002664625,3.567932606,-0.333078086,974.765686,486.4553223,486.4319763,-13.39691639,-35.22532654,486.4319763,70
13634,0.093373865,-0.574608386,1.031900883,-0.016254211,3.58392024,-0.334410399,974.765686,486.4553223,486.2975159,-13.4962225,-35.32917404,486.2975159,70
13644,0.026336219,-0.486022949,1.07739079,-0.033041347,3.597509861,-0.338407338,974.765686,486.4553223,486.1846008,-13.57850456,-35.43213272,486.1846008,70
13654,0.155623108,-0.548272192,1.031900883,-0.049828485,3.610833168,-0.342937201,974.765686,486.4553223,486.0483398,-13.67787743,-35.53571701,486.0483398,70
13664,-0.019153614,-0.521935999,0.962469101,-0.067947932,3.626287937,-0.346667677,974.8231201,485.9636536,485.9110718,-13.77719688,-35.63903809,485.9110718,70
13674,-0.033518825,-0.533906996,1.206677675,-0.085800916,3.63694644,-0.353062779,974.8231201,485.9636536,485.7727966,-13.87659073,-35.74247742,485.7727966,70
13684,0.136469498,-0.620098233,1.134851575,-0.103120975,3.647072077,-0.35945788,974.8231201,485.9636536,485.6584167,-13.95855713,-35.84677887,485.6584167,70
13694,0.019153614,-0.562637389,1.194706678,-0.121240422,3.667323112,-0.366119444,974.8231201,485.4577637,485.5183411,-14.05822468,-35.9505043,485.5183411,70
13704,-0.107739076,-0.612915635,1.163581967,-0.138826951,3.67958045,-0.374113321,974.8822021,485.4577637,485.3772583,-14.15812206,-36.05473328,485.3772583,70
13714,0.093373865,-0.59376204,1.170764685,-0.156679943,3.692903519,-0.383972436,974.8822021,485.4577637,485.235199,-14.25798988,-36.15877151,485.235199,70
13724,-0.009576807,-0.651222885,1.103726983,-0.172934145,3.702496052,-0.393298626,974.8822021,485.4577637,485.1191101,-14.33966923,-36.26338196,485.1191101,70
13734,-0.143652096,-0.59376204,1.137245774,-0.186257273,3.712888002,-0.403690636,974.9412231,484.9529724,484.9752197,-14.439744,-36.3674202,484.9752197,70
13744,0.069431849,-0.567425787,1.022324085,-0.199846849,3.723813057,-0.415947944,974.9412231,484.9529724,484.8303223,-14.53975582,-36.47119522,484.8303223,70
13754,0.076614454,-0.624886632,1.15161097,-0.212104142,3.732340097,-0.428205222,974.9412231,484.9529724,484.6844482,-14.64005756,-36.57554245,484.6844482,70
13764,-0.04309563,-0.641646028,1.108515382,-0.224094957,3.742465496,-0.442594171,974.9412231,484.9529724,484.5675659,-14.72086716,-36.68005753,484.5675659,70
13774,0.196324542,-0.684741676,0.840364814,-0.23475343,3.754456282,-0.454318523,975.0036011,484.4187012,484.4198303,-14.82168198,-36.78500366,484.4198303,70
13784,-0.011971008,-0.598550439,1.027112484,-0.243813157,3.764315367,-0.466309339,975.0036011,484.4187012,484.2711182,-14.92216206,-36.88908768,484.2711182,70
13794,0.002394202,-0.624886632,1.07739079,-0.252606452,3.773641825,-0.478566617,975.0036011,484.4187012,484.1213989,-15.02281857,-36.99343491,484.1213989,70
13804,-0.031124622,-0.653617084,1.084573388,-0.260600299,3.784033537,-0.491090357,975.0036011,484.4187012,484.0022888,-15.10393143,-37.09807205,484.0022888,70
13814,0.110133275,-0.646434486,1.00556469,-0.268594176,3.794425726,-0.504146993,975.0678101,483.8696899,483.8507385,-15.20496368,-37.20263672,483.8507385,70
13824,-0.035913024,-0.651222885,0.85473001,-0.272857577,3.802952528,-0.517203629,975.0678101,483.8696899,483.6981812,-15.30608177,-37.30724716,483.6981812,70
13834,-0.021547815,-0.703895271,0.804451764,-0.277920365,3.812012196,-0.531326175,975.0678101,483.8696899,483.5446167,-15.40753269,-37.41238785,483.5446167,70
13844,-0.021547815,-0.679953277,0.797269166,-0.282183766,3.820006132,-0.542784095,975.0678101,483.306488,483.3842468,-15.51235104,-37.51728821,483.3842468,70
13854,0.04070143,-0.663193882,0.737414122,-0.285914242,3.826934338,-0.556906581,975.133606,483.306488,483.2286072,-15.61369133,-37.62202072,483.2286072,70
13864,0.086191259,-0.715866327,0.785298169,-0.285914242,3.835460901,-0.570496202,975.133606,483.306488,483.0719604,-15.71538258,-37.72727966,483.0719604,70
13874,0.047884032,-0.67037648,0.761356115,-0.284049004,3.842122555,-0.58488518,975.133606,483.306488,482.9142761,-15.81689072,-37.83208466,482.9142761,70
13884,0.052672438,-0.66798228,0.881066203,-0.282983154,3.850649357,-0.597941756,975.2011108,482.7290955,482.7537842,-15.91946125,-37.93686295,482.7537842,70
13894,0.04309563,-0.672770679,0.665588081,-0.27845329,3.857577324,-0.610465586,975.2011108,482.7290955,482.5940857,-16.02110481,-38.04169083,482.5940857,70
13904,0.052672438,-0.67037648,0.758961916,-0.272324651,3.862906694,-0.622456372,975.2011108,482.7290955,482.4333496,-16.12279892,-38.14649582,482.4333496,70
13914,0.179565132,-0.708683729,0.790086567,-0.265130162,3.867969275,-0.632315457,975.2011108,482.7290955,482.2716064,-16.22478676,-38.25168228,482.2716064,70
13924,0.181959331,-0.718260527,0.751779318,-0.257402748,3.873831511,-0.644306302,975.2686157,482.1512146,482.1116028,-16.32539749,-38.35696411,482.1116028,70
13934,0.095768064,-0.74220252,0.538695395,-0.248343036,3.877029181,-0.654165387,975.2686157,482.1512146,481.9478149,-16.42774582,-38.46248627,481.9478149,70
13944,0.196324542,-0.713472128,0.553060591,-0.239283308,3.881558895,-0.664290965,975.2686157,482.1512146,481.78302,-16.52998734,-38.56772232,481.78302,70
13954,0.210689753,-0.751779318,0.591367841,-0.228091896,3.88315773,-0.670952559,975.2686157,482.1512146,481.6171875,-16.63254166,-38.67333984,481.6171875,70
13964,0.191536129,-0.735019922,0.497993946,-0.21503523,3.886888027,-0.676548243,975.3378296,481.5591125,481.4573364,-16.73146057,-38.77878952,481.4573364,70
13974,0.234631762,-0.768538773,0.538695395,-0.203044415,3.889819145,-0.680278718,975.3378296,481.5591125,481.2894897,-16.83430672,-38.88457489,481.2894897,70
13984,0.292092621,-0.703895271,0.574608386,-0.190254211,3.894349337,-0.684808552,975.3378296,481.5591125,481.120636,-16.93679428,-38.98971558,481.120636,70
13994,0.411802679,-0.727837324,0.639251828,-0.175865233,3.901810169,-0.68560797,975.3378296,480.9386292,480.9507446,-17.03951073,-39.09509277,480.9507446,70
14004,0.339976639,-0.787692368,0.538695395,-0.162542105,3.906339884,-0.683476269,975.4103394,480.9386292,480.7897644,-17.13777924,-39.20106888,480.7897644,70
14014,0.426167905,-0.723048925,0.569819987,-0.148686066,3.912201881,-0.680012286,975.4103394,480.9386292,480.6178589,-17.24064636,-39.3064003,480.6178589,70
14024,0.44532153,-0.660799682,0.584185243,-0.135096475,3.916199207,-0.6752159,975.4103394,480.9386292,480.4449463,-17.34313774,-39.41110992,480.4449463,70
14034,0.548272192,-0.739808321,0.579396784,-0.12337213,3.919663191,-0.669353783,975.4829102,480.3181763,480.2709961,-17.44625473,-39.51660919,480.2709961,70
14044,0.567425787,-0.761356115,0.696712673,-0.110848397,3.924992323,-0.661626339,975.4829102,480.3181763,480.1096191,-17.54307365,-39.62232208,480.1096191,70
14054,0.569819987,-0.735019922,0.464475125,-0.097791731,3.932719707,-0.650701404,975.4829102,480.3181763,479.9336548,-17.64634895,-39.72777176,479.9336548,70
14064,0.658405483,-0.677559078,0.526724398,-0.087133229,3.934851408,-0.638444126,975.4829102,480.3181763,479.7566833,-17.74925804,-39.83264923,479.7566833,70
14074,0.581790984,-0.775721371,0.766144514,-0.077807046,3.938315392,-0.625120997,975.5571899,479.6824951,479.5786743,-17.85296249,-39.93850708,479.5786743,70
14084,0.835576415,-0.70628953,0.598550439,-0.066349156,3.94444418,-0.610199094,975.5571899,479.6824951,479.4165344,-17.94824982,-40.04367065,479.4165344,70
14094,0.691924274,-0.730231524,0.512359142,-0.057822358,3.949773312,-0.593411922,975.5571899,479.6824951,479.2365417,-18.05179977,-40.14907455,479.2365417,70
14104,0.682347476,-0.723048925,0.584185243,-0.049029093,3.958300352,-0.577424169,975.5571899,479.6824951,479.0555115,-18.15534973,-40.25440598,479.0555115,70
14114,0.797269166,-0.730231524,0.555454791,-0.042900458,3.966560602,-0.558771789,975.6331177,479.0331726,478.8734436,-18.25900841,-40.35980988,478.8734436,70
14124,0.785298169,-0.711077929,0.689530075,-0.038637057,3.968692064,-0.537721276,975.6331177,479.0331726,478.7103882,-18.35317612,-40.46501923,478.7103882,70
14134,0.749385118,-0.715866327,0.497993946,-0.036238898,3.972689152,-0.515871346,975.6331177,479.0331726,478.5263367,-18.45689774,-40.57027817,478.5263367,70
14144,0.857124209,-0.720654726,0.603338838,-0.033840735,3.978018284,-0.49348852,975.6331177,478.3691406,478.3412476,-18.56070518,-40.67558289,478.3412476,70
14154,0.92895025,-0.713472128,0.636857629,-0.034107197,3.982281685,-0.470039815,975.7107544,478.3691406,478.1551208,-18.66450119,-40.78081894,478.1551208,70
14164,0.773327172,-0.787692368,0.720654726,-0.033840735,3.985745668,-0.446324646,975.7107544,478.3691406,477.9909058,-18.75801086,-40.88679504,477.9909058,70
14174,0.924161851,-0.81642276,0.881066203,-0.037837673,3.991075039,-0.421810091,975.7107544,478.3691406,477.8027954,-18.86281204,-40.99306107,477.8027954,70
14184,0.952892303,-0.773327172,0.588973641,-0.042367533,3.994539022,-0.397561997,975.7883301,477.705658,477.6136475,-18.96730232,-41.09889603,477.6136475,70
14194,1.010353088,-0.770932972,0.70628953,-0.046897396,4.003332138,-0.373846859,975.7883301,477.705658,477.4234619,-19.07181549,-41.20470428,477.4234619,70
14204,0.974440098,-0.727837324,0.919373453,-0.054091886,4.009727478,-0.349865228,975.7883301,477.705658,477.2588196,-19.16283607,-41.31008148,477.2588196,70
14214,0.905008256,-0.749385118,0.847547412,-0.061819296,4.01505661,-0.325084209,975.7883301,477.705658,477.0666809,-19.26729393,-41.41567612,477.0666809,70
14224,0.924161851,-0.723048925,0.694318473,-0.07274425,4.017721176,-0.300569683,975.8659668,477.0417175,476.8734741,-19.37156487,-41.52100754,476.8734741,70
14234,0.998382092,-0.725443125,0.749385118,-0.084735066,4.02651453,-0.275522202,975.8659668,477.0417175,476.6792297,-19.47589111,-41.62636185,476.6792297,70
14244,1.046266198,-0.768538773,1.012747288,-0.099656969,4.030777931,-0.251007646,975.8659668,477.0417175,476.5147705,-19.56439018,-41.73214722,476.5147705,70
14254,1.00317049,-0.81642276,0.881066203,-0.116177641,4.03477478,-0.22489433,975.8659668,477.0417175,476.3186035,-19.66958618,-41.83841324,476.3186035,70
14264,0.89064306,-0.811634362,0.809240162,-0.131366,4.045433044,-0.20464319,975.9492798,476.3293457,476.1213989,-19.77477646,-41.94462967,476.1213989,70
14274,1.048660398,-0.794874966,0.948103845,-0.145754978,4.053160667,-0.183592647,975.9492798,476.3293457,475.9231262,-19.8798542,-42.05067825,475.9231262,70
14284,0.919373453,-0.773327172,0.857124209,-0.162275642,4.059289455,-0.165473193,975.9492798,476.3293457,475.7568665,-19.96587372,-42.15651321,475.7568665,70
14294,0.842759013,-0.775721371,0.782903969,-0.181194484,4.064618587,-0.148153126,975.9492798,475.6360168,475.5567017,-20.07080841,-42.26237106,475.5567017,70
14304,0.799663365,-0.864306808,0.881066203,-0.200646251,4.067816257,-0.131099537,976.0303345,475.6360168,475.3554688,-20.17655754,-42.36911392,475.3554688,70
14314,0.869095206,-0.792480767,0.924161851,-0.219565079,4.077142239,-0.113779478,976.0303345,475.6360168,475.1531982,-20.28169823,-42.47513962,475.1531982,70
14324,0.847547412,-0.751779318,0.864306808,-0.236885145,4.083537579,-0.098857582,976.0303345,475.6360168,474.98703,-20.36304092,-42.58075714,474.98703,70
14334,0.828393817,-0.770932972,0.730231524,-0.256336898,4.086202145,-0.086600304,976.1129761,474.9295349,474.7828674,-20.46793938,-42.6865654,474.7828674,70
14344,0.835576415,-0.81881696,0.924161851,-0.27632159,4.093929291,-0.075941809,976.1129761,474.9295349,474.5776672,-20.57329369,-42.79285431,474.5776672,70
14354,0.67037648,-0.792480767,0.536301196,-0.295773357,4.098992348,-0.066882081,976.1129761,474.9295349,474.3714294,-20.67843437,-42.89888,474.3714294,70
14364,0.926556051,-0.837970614,0.524330199,-0.316024512,4.105120659,-0.058621746,976.1129761,474.9295349,474.2054749,-20.75485039,-43.00535965,474.2054749,70
14374,0.825999558,-0.845153213,0.773327172,-0.334410399,4.117111683,-0.050361406,976.1956177,474.2231445,473.997406,-20.86032677,-43.11191177,473.997406,70
14384,0.81642276,-0.768538773,0.761356115,-0.353329241,4.125905037,-0.043433387,976.1956177,474.2231445,473.788269,-20.96512985,-43.21769714,473.788269,70
14394,0.92895025,-0.825999558,0.857124209,-0.369316995,4.137362957,-0.037304748,976.1956177,474.2231445,473.5780945,-21.07047653,-43.32405853,473.5780945,70
14404,0.600944638,-0.830788016,0.687135875,-0.384238869,4.147754669,-0.034906585,976.1956177,474.2231445,473.4133606,-21.13909721,-43.4304657,473.4133606,70
14414,0.715866327,-0.814028561,0.636857629,-0.39889431,4.156548023,-0.030643184,976.27948,473.5062561,473.2014465,-21.24407768,-43.53670502,473.2014465,70
14424,0.66798228,-0.866701007,0.565031588,-0.413816214,4.167206764,-0.028777948,976.27948,473.5062561,472.9884949,-21.34955788,-43.64347076,472.9884949,70
14434,1.00317049,-0.828393817,0.507570744,-0.429803967,4.171470165,-0.028245023,976.27948,473.5062561,472.7744751,-21.45470428,-43.74985504,472.7744751,70
14444,0.727837324,-0.9672575,0.591367841,-0.444459409,4.176799297,-0.029843798,976.27948,472.693634,472.5667725,-21.55459404,-43.85762787,472.5667725,70
14454,0.651222885,-0.962469101,0.55784899,-0.455650836,4.18319416,-0.03011026,976.3745117,472.693634,472.350708,-21.66094971,-43.9653511,472.350708,70
14464,0.89303726,-0.921767652,0.464475125,-0.468441039,4.189056873,-0.030376723,976.3745117,472.693634,472.1335754,-21.76694679,-44.07266998,472.1335754,70
14474,0.677559078,-0.883460402,0.464475125,-0.478566617,4.195451736,-0.033307809,976.3745117,472.693634,471.9153748,-21.87260437,-44.17960358,471.9153748,70
14484,0.634463429,-0.873883605,0.48123455,-0.487892807,4.201047421,-0.03757121,976.461731,471.9484253,471.7102356,-21.96414185,-44.2864418,471.7102356,70
14494,0.895431459,-0.861912608,0.629675031,-0.497218996,4.205310822,-0.041568145,976.461731,471.9484253,471.4900818,-22.0694828,-44.39316177,471.4900818,70
14504,0.847547412,-0.852335811,0.126892686,-0.505212903,4.210906506,-0.042900458,976.461731,471.9484253,471.2688599,-22.17474747,-44.49978638,471.2688599,70
14514,0.553060591,-0.873883605,0.234631762,-0.51000917,4.213038445,-0.04769678,976.461731,471.9484253,471.0466003,-22.28022385,-44.6066246,471.0466003,70
14524,0.739808321,-0.993593693,0.306457818,-0.513473213,4.219433308,-0.049029093,976.5527954,471.170105,470.8431396,-22.36481094,-44.71466064,470.8431396,70
14534,0.993593693,-0.878672004,0.586579442,-0.515071988,4.225295544,-0.050894335,976.5527954,471.170105,470.6189575,-22.47011757,-44.82154846,470.6189575,70
14544,0.991199493,-0.790086567,0.37110126,-0.516404271,4.229825497,-0.053026035,976.5527954,471.170105,470.3937378,-22.57460403,-44.92754745,470.3937378,70
14554,0.711077929,-0.830788016,0.155623108,-0.514539063,4.236753464,-0.055157732,976.5527954,471.170105,470.1674805,-22.6794796,-45.03395462,470.1674805,70
14564,0.859518409,-0.857124209,0.361524463,-0.516670763,4.242349148,-0.056756508,976.6456299,470.3766174,469.9659729,-22.75310326,-45.140625,469.9659729,70
14574,0.986411095,-0.900219858,0.165199921,-0.518003047,4.244481087,-0.058355279,976.6456299,470.3766174,469.737915,-22.85829544,-45.24772644,469.737915,70
14584,0.993593693,-0.976834297,0.177170932,-0.518802464,4.246879101,-0.059154671,976.6456299,470.3766174,469.5088196,-22.96421242,-45.35559464,469.5088196,70
14594,0.900219858,-0.962469101,0.069431849,-0.515604913,4.24581337,-0.059154671,976.6456299,469.5684509,469.278656,-23.06999969,-45.46331787,469.278656,70
14604,0.957680702,-0.912190855,-0.007182605,-0.513473213,4.244747162,-0.056223582,976.7401733,469.5684509,469.0794678,-23.13275719,-45.57054138,469.0794678,70
14614,1.053448796,-1.125274777,0.160411507,-0.507877529,4.243681431,-0.054091886,976.7401733,469.5684509,468.8475952,-23.23960495,-45.67989349,468.8475952,70
14624,0.912190855,-1.010353088,0.153228909,-0.500416517,4.244747162,-0.051693719,976.7401733,469.5684509,468.6146851,-23.34537888,-45.78809738,468.6146851,70
14634,1.098938584,-0.871489406,0.004788403,-0.494021446,4.244214058,-0.047163859,976.840332,468.7124634,468.3807068,-23.44985199,-45.89491272,468.3807068,70
14644,1.065419793,-0.895431459,-0.095768064,-0.487093419,4.244481087,-0.04103522,976.840332,468.7124634,468.1820984,-23.50248909,-46.00196838,468.1820984,70
14654,1.079784989,-1.007958889,0.158017308,-0.479099542,4.24767828,-0.034107197,976.840332,468.7124634,467.9465637,-23.60766602,-46.11014938,467.9465637,70
14664,1.326387763,-0.993593693,-0.301669419,-0.47057274,4.25087595,-0.025580399,976.840332,468.7124634,467.7099609,-23.71270943,-46.21818542,467.7099609,70
14674,1.106121182,-1.000776291,-0.543483794,-0.459381312,4.252741337,-0.014122511,976.9342041,467.9107361,467.4723206,-23.81781769,-46.32629395,467.4723206,70
14684,1.22583127,-0.888248801,0.016759412,-0.444459409,4.255939007,0.000266462,976.9342041,467.9107361,467.2792664,-23.85246468,-46.43327713,467.2792664,70
14694,1.446097851,-0.859518409,0.021547815,-0.430603355,4.265531063,0.010924961,976.9342041,467.9107361,467.0402222,-23.95549011,-46.53997421,467.0402222,70
14704,1.012747288,-0.852335811,-0.548272192,-0.420211345,4.266064167,0.025846859,976.9342041,467.9107361,466.8001404,-24.05844688,-46.64659882,466.8001404,70
14714,1.108515382,-0.957680702,-0.284909993,-0.40928638,4.268462181,0.03996937,977.0395508,467.0107117,466.5590515,-24.16238594,-46.75427628,466.5590515,70
14724,1.314416766,-1.017535686,-0.093373865,-0.401292503,4.267929554,0.057022974,977.0395508,467.0107117,466.3661499,-24.18818855,-46.86255264,466.3661499,70
14734,1.501164436,-1.024718285,-0.196324542,-0.394364446,4.267663002,0.074343033,977.0395508,467.0107117,466.1237488,-24.29189873,-46.97090149,466.1237488,70
14744,1.582567334,-0.93134445,-0.150834709,-0.382373661,4.271393299,0.093261868,977.0395508,466.1318054,465.8803101,-24.39473724,-47.07831573,465.8803101,70
14754,1.395819545,-0.986411095,0.004788403,-0.375179172,4.275390625,0.115111791,977.142395,466.1318054,465.6358337,-24.49808311,-47.1862793,465.6358337,70
14764,1.297657371,-0.919373453,-0.031124622,-0.371182233,4.280453205,0.137494639,977.142395,466.1318054,465.4458008,-24.50857353,-47.29357147,465.4458008,70
14774,1.460463047,-0.916979253,-0.143652096,-0.367984682,4.283917427,0.158811629,977.142395,466.1318054,465.2001953,-24.61029816,-47.40084076,465.2001953,70
14784,1.309628367,-0.943315446,-0.086191259,-0.36771822,4.286315441,0.178263396,977.2470093,465.2382507,464.9535828,-24.71226311,-47.50837326,464.9535828,70
14794,1.297657371,-0.881066203,-0.162805721,-0.369316995,4.29350996,0.199313939,977.2470093,465.2382507,464.7059326,-24.81364822,-47.61528397,464.7059326,70
14804,1.546654344,-0.883460402,0.057460841,-0.371182233,4.293776512,0.217699856,977.2470093,465.2382507,464.5188904,-24.80950356,-47.72221756,464.5188904,70
14814,1.094150186,-1.07739079,-0.179565132,-0.371981621,4.297240257,0.23635222,977.2470093,465.2382507,464.2702637,-24.91160965,-47.83109283,464.2702637,70
14824,1.59693253,-1.012747288,-0.208295554,-0.376244992,4.300704479,0.25553751,977.3517456,464.3437195,464.0206299,-25.01311493,-47.93931961,464.0206299,70
14834,1.465251446,-0.981622696,0.04070143,-0.383439511,4.306300163,0.272857577,977.3517456,464.3437195,463.769989,-25.11433029,-48.0472374,463.769989,70
14844,1.33835876,-1.012747288,0.294486821,-0.391966313,4.314560413,0.291776419,977.3517456,464.3437195,463.5869141,-25.09574127,-48.15546417,463.5869141,70
14854,1.446097851,-0.988805294,-0.14844051,-0.399427265,4.322554588,0.308297068,977.3517456,464.3437195,463.3354797,-25.19581795,-48.26345062,463.3354797,70
14864,1.259350061,-1.024718285,-0.122104287,-0.408753455,4.330814838,0.322952509,977.4579468,463.436615,463.0830383,-25.29621887,-48.37179947,463.0830383,70
14874,1.158793569,-1.098938584,0.069431849,-0.41967839,4.331614017,0.338140905,977.4579468,463.436615,462.8295593,-25.39728928,-48.48088837,462.8295593,70
14884,1.036689281,-0.998382092,-0.067037649,-0.430869848,4.336943626,0.349865228,977.4579468,463.436615,462.6503601,-25.36376381,-48.588974,462.6503601,70
14894,1.326387763,-0.993593693,-0.469263524,-0.446058184,4.339607716,0.35945788,977.4579468,462.5275269,462.3962402,-25.46257782,-48.69701004,462.3962402,70
14904,0.919373453,-1.017535686,-0.366312861,-0.458048999,4.341739655,0.368251175,977.5643921,462.5275269,462.1411133,-25.56160736,-48.80528641,462.1411133,70
14914,0.768538773,-1.180341482,-0.045489833,-0.468441039,4.341206551,0.373047471,977.5643921,462.5275269,461.8850098,-25.66210175,-48.91519165,461.8850098,70
14924,1.074996591,-1.122880578,-0.007182605,-0.475635529,4.347068787,0.375445634,977.5643921,462.5275269,461.7102356,-25.61455154,-49.02452087,461.7102356,70
14934,0.952892303,-1.024718285,0.055066638,-0.481231242,4.357727051,0.375712097,977.6740723,461.591156,461.4536133,-25.71225929,-49.13286972,461.4536133,70
14944,0.845153213,-1.165976286,-0.021547815,-0.488159269,4.362257481,0.373313934,977.6740723,461.591156,461.1960144,-25.81122971,-49.24263,461.1960144,70
14954,0.926556051,-1.175553083,-0.213083953,-0.492689133,4.373714924,0.372781008,977.6740723,461.591156,460.9374084,-25.91028404,-49.35248566,460.9374084,70
14964,1.072602391,-1.022324085,-0.213083953,-0.496686071,4.380110264,0.36984992,977.6740723,461.591156,460.7651062,-25.85108376,-49.4608078,460.7651062,70
14974,0.521935999,-1.18991828,-0.258573771,-0.504946411,4.387571335,0.365586549,977.7814331,460.6743469,460.5061035,-25.94883919,-49.57080841,460.5061035,70
14984,0.837970614,-1.173158884,-0.172382519,-0.511607945,4.399029255,0.35945788,977.7814331,460.6743469,460.2461243,-26.04644775,-49.68064117,460.2461243,70
14994,0.940921247,-1.082179189,-0.347159237,-0.516937196,4.407022953,0.351730466,977.7814331,460.6743469,459.9851685,-26.14325714,-49.78956223,459.9851685,70
15004,0.754173517,-1.194706678,-0.392649084,-0.519068897,4.41208601,0.342670739,977.7814331,460.6743469,459.817749,-26.07133484,-49.89960861,459.817749,70
15014,0.634463429,-1.127668977,-0.282515794,-0.517203629,4.417415142,0.333611012,977.8945313,459.7087097,459.5565491,-26.16706276,-50.00898361,459.5565491,70
15024,0.936132848,-1.173158884,-0.538695395,-0.515604913,4.425675392,0.324018389,977.8945313,459.7087097,459.2944031,-26.26319504,-50.11881638,459.2944031,70
15034,0.907402456,-1.18752408,-0.177170932,-0.513739645,4.437133312,0.314958632,977.8945313,459.7087097,459.0312805,-26.35945892,-50.22879028,459.0312805,70
15044,0.457292527,-1.132457376,-0.447715729,-0.508410394,4.439264774,0.305366009,977.8945313,458.6948242,458.7597656,-26.46856689,-50.33821487,458.7597656,70
15054,0.679953277,-1.132457376,-0.926556051,-0.499883622,4.437665939,0.295506895,978.0133057,458.6948242,458.4945984,-26.56447983,-50.44763947,458.4945984,70
15064,0.952892303,-1.094150186,-0.708683729,-0.487093419,4.443794727,0.284848392,978.0133057,458.6948242,458.2284546,-26.66007042,-50.55668259,458.2284546,70
15074,0.622492433,-1.197100878,-0.248996973,-0.474303216,4.45152235,0.276055127,978.0133057,458.6948242,457.9613647,-26.75655365,-50.66675186,457.9613647,70
15084,0.900219858,-1.132457376,-0.658405483,-0.460713625,4.465644836,0.270725876,978.1296997,457.7015381,457.6941833,-26.8509388,-50.77617645,457.6941833,70
15094,0.696712673,-1.276109457,-0.720654726,-0.446058184,4.474970818,0.261133224,978.1296997,457.7015381,457.4251709,-26.94809341,-50.88703918,457.4251709,70
15104,0.63206923,-1.233013868,-0.14844051,-0.431935668,4.4885602,0.250741184,978.1296997,457.7015381,457.1552124,-27.04488373,-50.99747086,457.1552124,70
15114,1.321599364,-1.18752408,-0.160411507,-0.413816214,4.50454855,0.243813157,978.1296997,457.7015381,456.8842773,-27.14129448,-51.10744476,456.8842773,70
15124,1.175553083,-1.132457376,-0.277727395,-0.400759578,4.516539097,0.245944872,978.2495117,456.6789246,456.6195984,-27.2245121,-51.21686935,456.6195984,70
15134,0.579396784,-1.218648672,-0.220266551,-0.386370599,4.53119421,0.247010723,978.2495117,456.6789246,456.3468628,-27.32109451,-51.32715607,456.3468628,70
15144,0.840364814,-1.249773264,-0.488417149,-0.375179172,4.545583248,0.248609498,978.2495117,456.6789246,456.0731506,-27.41794205,-51.43775558,456.0731506,70
15154,1.197100878,-1.223437071,-0.397437483,-0.367185295,4.559706211,0.251807034,978.2495117,456.6789246,455.7984924,-27.51457405,-51.54808807,455.7984924,70
15164,0.960074902,-1.209071875,-0.418985307,-0.359990805,4.566900253,0.257136285,978.3670044,455.6758423,455.5398865,-27.58152199,-51.65827942,455.5398865,70
15174,0.89064306,-1.18752408,-0.177170932,-0.354661554,4.574627876,0.261399686,978.3670044,455.6758423,455.2635803,-27.6776371,-51.76825333,455.2635803,70
15184,1.156399369,-1.125274777,-0.10295067,-0.347200602,4.579690456,0.265663087,978.3670044,455.6758423,454.9863281,-27.77324295,-51.87760544,454.9863281,70
15194,1.072602391,-1.175553083,-0.507570744,-0.33973965,4.585819244,0.269926488,978.3670044,454.6045532,454.7080994,-27.86927223,-51.98746109,454.7080994,70
15204,0.852335811,-1.316810966,-0.699106872,-0.332012266,4.593013763,0.275522202,978.4925537,454.6045532,454.448822,-27.93235588,-52.09872818,454.448822,70
15380,1.340752959,-1.156399369,-0.110133275,-0.320820838,4.597277164,0.281650841,978.4925537,454.6045532,454.1690063,-28.02798462,-52.2083931,454.1690063,70
15380,0.761356115,-1.249773264,-0.81642276,-0.311494648,4.601007462,0.286447167,978.4925537,454.6045532,453.8882446,-28.12438583,-52.31899261,453.8882446,70
15380,0.598550439,-1.280897856,-0.299275219,-0.303767234,4.60713625,0.294174582,978.6174927,453.5386353,453.6065063,-28.22104645,-52.42990112,453.6065063,70
15380,0.914585054,-1.216254473,-0.701501071,-0.295506895,4.61033392,0.300036758,978.6174927,453.5386353,453.3485107,-28.27545738,-52.54016495,453.3485107,70
15380,1.022324085,-1.163581967,-0.426167905,-0.284581929,4.612465382,0.305366009,978.6174927,453.5386353,453.0652771,-28.3708725,-52.64990234,453.0652771,70
15380,0.794874966,-1.216254473,-0.684741676,-0.274456352,4.619659901,0.309895873,978.6174927,453.5386353,452.7810669,-28.46672249,-52.76016617,452.7810669,70
15380,0.732625723,-1.192312479,-0.560243189,-0.265130162,4.633249283,0.314159274,978.7382813,452.5080261,452.4959106,-28.56238747,-52.87018967,452.4959106,70
15380,0.474051923,-1.252167463,-0.402225882,-0.257402748,4.646306515,0.316290945,978.7382813,452.5080261,452.2444458,-28.6008358,-52.98081207,452.2444458,70
15380,0.584185243,-1.285686255,-0.10055647,-0.252073497,4.652700901,0.314958632,978.7382813,452.5080261,451.9579468,-28.69685173,-53.09177017,451.9579468,70
15380,0.751779318,-1.323993564,-0.294486821,-0.245411947,4.665758133,0.317090333,978.7382813,452.5080261,451.6705017,-28.79318047,-53.20310974,451.6705017,70
15380,0.81642276,-1.206677675,-0.395043284,-0.242480844,4.678814411,0.317623258,978.8632813,451.4417725,451.3820801,-28.88858414,-53.3132782,451.3820801,70
15380,0.490811348,-1.276109457,-0.59376204,-0.238217458,4.689739704,0.318422645,978.8632813,451.4417725,451.1335754,-28.91751099,-53.42414093,451.1335754,70
15381,0.526724398,-1.319205165,-0.804451764,-0.233154669,4.696134567,0.31788975,978.8632813,451.4417725,450.8439026,-29.01335335,-53.53543472,450.8439026,70
15381,0.488417149,-1.254561663,-0.29688102,-0.227558956,4.704927921,0.311494648,978.8632813,450.376709,450.5532837,-29.10869598,-53.64608002,450.5532837,70
15381,0.612915635,-1.347935557,-0.189141929,-0.224361405,4.709191322,0.307764143,978.9880981,450.376709,450.2617188,-29.20478058,-53.75765991,450.2617188,70
15381,0.751779318,-1.395819545,-0.495599747,-0.220630929,4.712922096,0.304833084,978.9880981,450.376709,450.0171204,-29.22380638,-53.86971664,450.0171204,70
15381,0.464475125,-1.256955862,0.067037649,-0.21610108,4.72677803,0.300303191,978.9880981,450.376709,449.7243958,-29.31866646,-53.98038483,449.7243958,70
15384,0.390254885,-1.278503656,-0.342370838,-0.211038291,4.737702847,0.294174582,979.118042,449.2687073,449.4307251,-29.41370583,-54.09127045,449.4307251,70
15394,0.517147541,-1.252167463,-0.282515794,-0.207574263,4.745696545,0.289111793,979.118042,449.2687073,449.1361084,-29.50855255,-54.20189285,449.1361084,70
15404,0.093373865,-1.388636947,-0.438138902,-0.20570904,4.747029305,0.281917304,979.118042,449.2687073,448.8910522,-29.52415657,-54.31388092,448.8910522,70
15414,0.416591108,-1.405396342,-0.392649084,-0.201978564,4.756355286,0.274989277,979.118042,449.2687073,448.5953369,-29.61967278,-54.42603302,448.5953369,70
15424,0.344765037,-1.460463047,-0.395043284,-0.198514536,4.759552956,0.265663087,979.2496948,448.1461182,448.298645,-29.71562195,-54.53873825,448.298645,70
15434,0.33279404,-1.249773264,-0.92895025,-0.190787122,4.763016701,0.258735061,979.2496948,448.1461182,448.0010376,-29.80996132,-54.64933777,448.0010376,70
15444,0.287304193,-1.414973259,-0.907402456,-0.183059722,4.767280579,0.249675348,979.2496948,448.1461182,447.7548218,-29.82361221,-54.76158905,447.7548218,70
15454,0.347159237,-1.386242747,-0.48123455,-0.175332308,4.767280579,0.240615621,979.2496948,448.1461182,447.4560852,-29.91848183,-54.87355042,447.4560852,70
15464,0.366312861,-1.273715258,-0.234631762,-0.16414088,4.768612385,0.229157731,979.3830566,447.0089417,447.1564331,-30.01250458,-54.98438644,447.1564331,70
15474,0.328005642,-1.309628367,-0.885854602,-0.156147003,4.780336857,0.219565079,979.3830566,447.0089417,446.8558655,-30.10681343,-55.09558105,446.8558655,70
15484,0.01436521,-1.393425345,-0.505176544,-0.148952529,4.78353405,0.210505351,979.3830566,447.0089417,446.6079102,-30.11917305,-55.2076149,446.6079102,70
15494,0.280121595,-1.400607944,-0.51954174,-0.138294026,4.780869961,0.200113311,979.5180664,445.8577271,446.3062744,-30.2136631,-55.31972122,446.3062744,70
15504,0.282515794,-1.319205165,-0.746990919,-0.126303226,4.787530899,0.192385912,979.5180664,445.8577271,446.0036926,-30.30755043,-55.43101501,446.0036926,70
15514,0.294486821,-1.321599364,-0.991199493,-0.114845328,4.790729046,0.182260334,979.5180664,445.8577271,445.7001648,-30.40146828,-55.5423317,445.7001648,70
15524,0.011971008,-1.434126854,-0.363918662,-0.103653908,4.78806448,0.172667682,979.5180664,445.8577271,445.4499817,-30.41378593,-55.65477371,445.4499817,70
15534,0.459686726,-1.41257906,-0.526724398,-0.094061248,4.791261673,0.164407358,979.6547852,444.691925,445.1453857,-30.50788689,-55.76699829,445.1453857,70
15544,0.289698392,-1.400607944,-0.814028561,-0.083935678,4.796591282,0.155614093,979.6547852,444.691925,444.8398438,-30.60190964,-55.87910461,444.8398438,70
15554,-0.057460841,-1.405396342,-0.584185243,-0.073277183,4.803252697,0.152683005,979.6547852,444.691925,444.5333557,-30.69598007,-55.99125671,444.5333557,70
15564,0.134075299,-1.426944256,-0.553060591,-0.061552834,4.807249546,0.149751917,979.6547852,444.691925,444.2805176,-30.70862389,-56.10362625,444.2805176,70
15574,0.258573771,-1.59932673,0.033518825,-0.051693719,4.807782173,0.14495559,979.7897949,443.5409546,443.9729309,-30.8036499,-56.21772003,443.9729309,70
15584,0.385466486,-1.479616642,-0.450109929,-0.042367533,4.807782173,0.139093414,979.7897949,443.5409546,443.6644287,-30.89779472,-56.330616,443.6644287,70
15594,0.201112941,-1.417367458,-0.390254885,-0.034640122,4.813644409,0.134830013,979.7897949,443.5409546,443.3549805,-30.99148941,-56.44289017,443.3549805,70
15604,0.440533102,-1.369483352,-0.512359142,-0.026646247,4.818707466,0.130833074,979.7897949,443.5409546,443.1024475,-30.99960899,-56.55468369,443.1024475,70
15614,0.505176544,-1.398213744,-0.021547815,-0.018918836,4.826701641,0.130300149,979.9298706,442.3471069,442.7919922,-31.09265518,-56.66676712,442.7919922,70
15624,0.29688102,-1.367089152,-0.1316811,-0.009592649,4.836826801,0.127635539,979.9298706,442.3471069,442.4806213,-31.18548393,-56.77853775,442.4806213,70
15634,0.129286885,-1.273715258,-0.9672575,-0.0021317,4.839225292,0.121773355,979.9298706,442.3471069,442.1683044,-31.27763939,-56.88937378,442.1683044,70
15644,0.385466486,-1.417367458,-0.792480767,0.006928025,4.846153259,0.116710559,980.0700073,441.1528625,441.7737427,-31.48909378,-57.00164795,441.7737427,70
15654,0.452504128,-1.510741234,0.031124622,0.017053599,4.859742641,0.113779478,980.0700073,441.1528625,441.458374,-31.5837326,-57.11485672,441.458374,70
15664,0.294486821,-1.33835876,-0.234631762,0.025846859,4.875463963,0.115378261,980.0700073,441.1528625,441.1420898,-31.67712784,-57.22634125,441.1420898,70
15674,0.572214186,-1.41257906,-0.452504128,0.031975497,4.878928185,0.118309341,980.0700073,441.1528625,440.8248596,-31.77107239,-57.33856583,440.8248596,70
15684,0.555454791,-1.431732655,-0.354341865,0.037304748,4.890119076,0.124970905,980.210022,439.9597778,440.4437561,-31.95538902,-57.45098495,440.4437561,70
15694,0.402225882,-1.458068848,-0.045489833,0.040502299,4.90024519,0.134830013,980.210022,439.9597778,440.1237183,-32.05021667,-57.5636673,440.1237183,70
15704,0.505176544,-1.484405041,0.191536129,0.046364475,4.911436081,0.143623278,980.210022,439.9597778,439.8027344,-32.14524078,-57.67661285,439.8027344,70
15714,0.644040287,-1.400607944,0.126892686,0.051960181,4.921562195,0.148419604,980.210022,439.9597778,439.480835,-32.23967361,-57.78871918,439.480835,70
15724,0.418985307,-1.41257906,-0.294486821,0.052759573,4.931953907,0.151617154,980.3501587,438.7658081,439.1131897,-32.39756775,-57.90094376,439.1131897,70
15734,0.648828685,-1.41018486,-0.074220255,0.050627869,4.942346096,0.156679943,980.3501587,438.7658081,438.7887268,-32.49245834,-58.01314545,438.7887268,70
15744,0.126892686,-1.482010841,-0.213083953,0.044232771,4.944477558,0.161742732,980.3501587,438.7658081,438.4633179,-32.58786392,-58.1260643,438.4633179,70
15754,0.20350714,-1.699883223,-0.272938997,0.041301683,4.950073242,0.166272581,980.3501587,438.7658081,438.1369629,-32.68481064,-58.24116135,438.1369629,70
15764,0.85473001,-1.515529633,-0.02873042,0.038370594,4.958866596,0.170802444,980.4901733,437.5730286,437.7828064,-32.81789398,-58.35441589,437.7828064,70
15774,0.598550439,-1.453280449,0.189141929,0.033307809,4.974854469,0.177996933,980.4901733,437.5730286,437.4541321,-32.91333389,-58.46704865,437.4541321,70
15784,0.531512797,-1.426944256,-0.009576807,0.028777948,4.985779285,0.183592647,980.4901733,437.5730286,437.1245117,-33.00859833,-58.57941818,437.1245117,70
15794,0.574608386,-1.426944256,0.086191259,0.019718224,5.000967979,0.188921899,980.633667,436.3504944,436.7939453,-33.10387039,-58.69178772,436.7939453,70
15804,0.529118598,-1.292868972,0.37349546,0.007727412,5.012692451,0.192385912,980.633667,436.3504944,436.4498901,-33.21556854,-58.8028183,436.4498901,70
15814,0.069431849,-1.400607944,0.071826048,-0.0042634,5.024150372,0.19638285,980.633667,436.3504944,436.1172485,-33.31077576,-58.91492462,436.1172485,70
15824,0.404620081,-1.520318031,-0.294486821,-0.015188362,5.035874367,0.201445624,980.633667,436.3504944,435.7836609,-33.40681458,-59.02822876,435.7836609,70
15834,0.447715729,-1.453280449,-0.134075299,-0.02797856,5.046533108,0.205442563,980.7754517,435.1427612,435.4490967,-33.50240326,-59.14086151,435.4490967,70
15844,0.282515794,-1.666364431,-0.069431849,-0.034906585,5.061721325,0.207041353,980.7754517,435.1427612,435.1168518,-33.59502792,-59.25562668,435.1168518,70
15854,0.682347476,-1.48679924,-0.090979666,-0.043433387,5.077709198,0.20624195,980.7754517,435.1427612,434.780426,-33.69083786,-59.36859512,434.780426,70
15864,0.555454791,-1.517923832,-0.241814375,-0.049828485,5.088367462,0.206508413,980.7754517,435.1427612,434.4430237,-33.78686523,-59.48187256,434.4430237,70
15874,0.359130263,-1.527500629,-0.038307227,-0.05808882,5.105154514,0.20570904,980.9188843,433.9215698,434.1046753,-33.8829689,-59.59524918,434.1046753,70
15884,0.644040287,-1.474828243,0.234631762,-0.062885143,5.118744373,0.204376727,980.9188843,433.9215698,433.7825928,-33.95552444,-59.70809555,433.7825928,70
15894,0.610521436,-1.520318031,-0.011971008,-0.068747319,5.136064529,0.200113311,980.9188843,433.9215698,433.4425354,-34.05147171,-59.82139969,433.4425354,70
15904,0.287304193,-1.733402014,-0.306457818,-0.078606427,5.154183865,0.197448686,980.9188843,433.9215698,433.101532,-34.14884567,-59.93683243,433.101532,70
15914,0.311246216,-1.687912226,-0.229843363,-0.084202148,5.165375233,0.193984687,981.0640869,432.6847839,432.759552,-34.24592209,-60.05181122,432.759552,70
15924,0.648828685,-1.484405041,-0.232237563,-0.088732004,5.177898884,0.188921899,981.0640869,432.6847839,432.4459534,-34.30265427,-60.16475677,432.4459534,70
15934,0.363918662,-1.556231141,-0.143652096,-0.094594181,5.196817875,0.183326185,981.0640869,432.6847839,432.1024475,-34.39866638,-60.27841949,432.1024475,70
15944,0.440533102,-1.565807939,0.057460841,-0.100456357,5.210140705,0.176664621,981.2142334,431.4067383,431.7579651,-34.49475479,-60.39217758,431.7579651,70
15954,0.404620081,-1.632845521,-0.134075299,-0.105785601,5.224795818,0.170535982,981.2142334,431.4067383,431.4125366,-34.59128952,-60.50660706,431.4125366,70
15964,0.502782345,-1.59932673,0.045489833,-0.109782539,5.238918781,0.166272581,981.2142334,431.4067383,431.1030884,-34.63908768,-60.62070084,431.1030884,70
15974,0.778115571,-1.606509328,-0.191536129,-0.114578865,5.254107475,0.164940268,981.2142334,431.4067383,430.7561951,-34.73521423,-60.7348671,430.7561951,70
15984,0.507570744,-1.673547029,0.351947635,-0.121506892,5.270094872,0.16573967,981.362793,430.1419373,430.4083557,-34.83178329,-60.84970093,430.4083557,70
15994,0.306457818,-1.532289028,0.01436521,-0.126569673,5.284217358,0.167604893,981.362793,430.1419373,430.0595398,-34.9274559,-60.96312332,430.0595398,70
16004,0.44532153,-1.556231141,-0.287304193,-0.135629401,5.297274113,0.166272581,981.362793,430.1419373,429.7562256,-34.96295547,-61.07678604,429.7562256,67
16014,0.512359142,-1.692700624,-0.316034615,-0.141225114,5.311929226,0.16414088,981.362793,430.1419373,429.4060974,-35.0593605,-61.19181442,429.4060974,64
16024,0.529118598,-1.70946002,0.009576807,-0.148153126,5.326584816,0.163075045,981.5130615,428.8626404,429.0550232,-35.15588379,-61.30701065,429.0550232,61
16034,0.916979253,-1.644816518,0.129286885,-0.154015318,5.339375496,0.163607955,981.5130615,428.8626404,428.7029724,-35.25201035,-61.42155838,428.7029724,58
16044,0.804451764,-1.644816518,-0.294486821,-0.162009194,5.338309765,0.163874418,981.5130615,428.8626404,428.4045715,-35.27798462,-61.53610611,428.4045715,55
16054,0.727837324,-1.640028119,-0.397437483,-0.160410419,5.342572689,0.162009194,981.5130615,428.8626404,428.0513,-35.37374496,-61.65060806,428.0513,52
16064,0.454898328,-1.618480325,-0.045489833,-0.166539043,5.344171524,0.158545166,981.6665649,427.5562439,427.6970825,-35.46938705,-61.76489258,427.6970825,49
16074,1.142034173,-1.517923832,0.598550439,-0.175332308,5.350832939,0.156413481,981.6665649,427.5562439,427.3418884,-35.56442642,-61.87817001,427.3418884,46
16084,0.902614057,-1.551442742,0.067037649,-0.181993872,5.363889694,0.158012256,981.6665649,427.5562439,427.0459595,-35.58310699,-61.99178314,427.0459595,43
16094,0.581790984,-1.692700624,0.213083953,-0.188655436,5.377479553,0.160410419,981.8253174,426.2054749,426.6896362,-35.67886734,-62.10681152,426.6896362,40
16104,0.337582439,-1.733402014,-1.00556469,-0.191852987,5.387072086,0.163075045,981.8253174,426.2054749,426.3323669,-35.7748909,-62.22224426,426.3323669,37
16114,0.905008256,-1.70946002,-1.022324085,-0.192652375,5.398530006,0.160676882,981.8253174,426.2054749,425.9741211,-35.87078476,-62.33744049,425.9741211,34
16124,0.746990919,-1.778891921,0.1316811,-0.187589586,5.416116238,0.158012256,981.8253174,426.2054749,425.6766663,-35.88933563,-62.45333099,425.6766663,31
16134,1.101332784,-1.587355733,-0.105344877,-0.190520674,5.432370663,0.156946406,982.0075684,424.6542358,425.3172913,-35.9841423,-62.5673027,425.3172913,28
16144,0.955286503,-1.556231141,-0.177170932,-0.198780999,5.437966347,0.152416542,982.0075684,424.6542358,424.9569702,-36.07878876,-62.68096542,424.9569702,25
16154,0.897825658,-1.580173135,-0.414196908,-0.195317,5.455019951,0.153215915,982.0075684,424.6542358,424.5957031,-36.17360306,-62.79486847,424.5957031,22
16164,0.888248801,-1.59693253,-0.464475125,-0.199313939,5.468875885,0.150284842,982.0075684,424.6542358,424.2770996,-36.21413803,-62.90893936,424.2770996,19
16174,0.598550439,-1.56101954,-0.009576807,-0.197448686,5.481666088,0.150817752,982.1965332,423.0466919,423.9144897,-36.30862045,-63.02264786,423.9144897,16
16184,0.938527048,-1.728613615,-0.009576807,-0.203843787,5.493390083,0.152416542,982.1965332,423.0466919,423.5509033,-36.40409851,-63.13803482,423.5509033,13
16194,1.240196466,-1.613691926,-0.567425787,-0.199313939,5.512042999,0.153482378,982.1965332,423.0466919,423.1863708,-36.4989357,-63.25227356,423.1863708,10
16204,0.773327172,-1.544260144,0.086191259,-0.211038291,5.526432037,0.158012256,982.1965332,423.0466919,422.8441162,-36.5647316,-63.36581802,422.8441162,7
16214,0.746990919,-1.472434044,0.452504128,-0.216367543,5.540287971,0.163607955,982.390686,421.3953857,422.4779968,-36.65868378,-63.47864151,422.4779968,3.999999762
16224,0.93134445,-1.520318031,0.421379507,-0.225160792,5.564002991,0.172134757,982.390686,421.3953857,422.1109619,-36.75293732,-63.59194565,422.1109619,0.999999762
16234,0.689530075,-1.59693253,0.284909993,-0.241415009,5.58079052,0.17453292,982.390686,421.3953857,421.7429504,-36.84765244,-63.70601654,421.7429504,0
16244,0.885854602,-1.498770237,-0.038307227,-0.255803972,5.596245289,0.176931083,982.5848389,419.7438354,421.2080994,-37.14526367,-63.81910324,421.2080994,0
16254,1.00317049,-1.553836942,-0.119710088,-0.276854515,5.609568119,0.177730486,982.5848389,419.7438354,420.8361511,-37.24075699,-63.93274307,420.8361511,0
16264,1.072602391,-1.529894829,0.124498487,-0.292575806,5.625288963,0.179329246,982.5848389,419.7438354,420.4632568,-37.33614731,-64.04614258,420.4632568,0
16274,0.902614057,-1.563413739,0.220266551,-0.302701384,5.645807266,0.177996933,982.5848389,419.7438354,420.0894165,-37.43174362,-64.15987396,420.0894165,0
16284,0.663193882,-1.529894829,0.150834709,-0.316290945,5.660728931,0.172401235,982.7755737,418.1223755,419.5539551,-37.72229767,-64.27326965,419.5539551,0
16294,0.739808321,-1.529894829,0.174776718,-0.325617135,5.678049088,0.166006133,982.7755737,418.1223755,419.176239,-37.81863403,-64.38666534,419.176239,0
16304,0.442927301,-1.479616642,-0.476446152,-0.334410399,5.69989872,0.158278719,982.7755737,418.1223755,418.7975769,-37.9147377,-64.49956512,418.7975769,0
16314,0.713472128,-1.539471745,-0.074220255,-0.345068902,5.720949173,0.149218991,982.7755737,418.1223755,418.4179382,-38.0111618,-64.61306,418.4179382,0
16324,0.770932972,-1.501164436,0.330399841,-0.353862166,5.743598938,0.138294026,982.9612427,416.5435791,417.8879395,-38.28705597,-64.7261734,417.8879395,0
16334,0.940921247,-1.675941229,0.469263524,-0.362655431,5.763849735,0.130566612,982.9612427,416.5435791,417.5045776,-38.38489151,-64.84103394,417.5045776,0
16344,0.81642276,-1.470039845,-0.02873042,-0.372248113,5.787298679,0.120441042,982.9612427,416.5435791,417.1202393,-38.48177719,-64.95383453,417.1202393,0
16354,0.574608386,-1.642422318,-0.265756398,-0.378643185,5.806217194,0.108983152,982.9612427,416.5435791,416.7349243,-38.57946777,-65.06835938,416.7349243,0
16364,0.792480767,-1.620874524,0.007182605,-0.387702912,5.827268124,0.100189894,983.1418457,415.0084534,416.2157593,-38.8350563,-65.18267059,416.2157593,0
16374,0.770932972,-1.393425345,0.229843363,-0.396229684,5.848851204,0.094594181,983.1418457,415.0084534,415.8269348,-38.93225479,-65.29470825,415.8269348,0
16384,0.89303726,-1.563413739,-0.20590134,-0.399693698,5.868836403,0.082869835,983.1418457,415.0084534,415.4371338,-39.03019714,-65.40843964,415.4371338,0
16394,0.873883605,-1.532289028,-0.265756398,-0.402091891,5.891485214,0.069013782,983.3122559,413.559906,415.0463562,-39.1280098,-65.52186584,415.0463562,0
16404,0.981622696,-1.45088625,-0.208295554,-0.403157741,5.913068771,0.05595712,983.3122559,413.559906,414.5470276,-39.35189819,-65.63447571,414.5470276,0
16414,1.22822547,-1.465251446,-0.141257897,-0.404223561,5.935185432,0.053292494,983.3122559,413.559906,414.1530151,-39.44988251,-65.74723053,414.1530151,0
16424,1.685518026,-1.833958507,0.174776718,-0.401558936,5.962897301,0.056490045,983.3122559,413.559906,413.7580261,-39.54932404,-65.86367035,413.7580261,0
16434,1.165976286,-1.656787634,-0.023942016,-0.395696759,5.995405674,0.061552834,983.4692383,412.225647,413.36203,-39.64805603,-65.97834015,413.36203,0
16444,0.936132848,-1.572990537,-1.209071875,-0.395696759,6.033243179,0.065549769,983.4692383,412.225647,412.8930359,-39.8299675,-66.09217072,412.8930359,0
16454,1.30005157,-1.470039845,-0.521935999,-0.396762639,6.067350388,0.06981317,983.4692383,412.225647,412.4942627,-39.92824173,-66.20497131,412.4942627,0
16464,1.156399369,-1.520318031,0.01436521,-0.396229684,6.096128464,0.075142421,983.4692383,412.225647,412.0944824,-40.02669525,-66.31827545,412.0944824,0
16474,1.015141487,-1.482010841,-0.172382519,-0.395963252,6.123840809,0.08020521,983.609375,411.0348511,411.6937256,-40.12500763,-66.43119812,411.6937256,0
16484,1.019929886,-1.462857246,-0.337582439,-0.399427265,6.144358635,0.086600304,983.609375,411.0348511,411.2671814,-40.25163651,-66.54393005,411.2671814,0
16494,0.938527048,-1.510741234,-0.610521436,-0.400226623,6.16754055,0.093261868,983.609375,411.0348511,410.8641663,-40.35012054,-66.65713501,410.8641663,0
16504,0.940921247,-1.59932673,-0.497993946,-0.39996019,6.185393333,0.10285452,983.609375,411.0348511,410.4601746,-40.44889069,-66.77122498,410.4601746,0
16514,0.830788016,-1.606509328,-0.524330199,-0.397295564,6.209375381,0.110049009,983.7494507,409.8447571,410.0552063,-40.54767227,-66.88539124,410.0552063,0
16524,0.790086567,-1.59693253,-0.421379507,-0.394897372,6.226961613,0.105785601,983.7494507,409.8447571,409.6679077,-40.62533188,-66.99945831,409.6679077,0
16534,0.981622696,-1.549048543,-0.658405483,-0.393565059,6.238419533,0.100989282,983.7494507,409.8447571,409.2611694,-40.72385025,-67.11305237,409.2611694,0
16544,0.885854602,-1.568202138,-0.696712673,-0.38743645,6.251476288,0.093261868,983.8912354,408.6741333,408.8534546,-40.82241821,-67.22683716,408.8534546,0
16554,1.017535686,-1.59693253,-0.749385118,-0.375445634,6.261068821,0.088732004,983.887207,408.6741333,408.4447327,-40.92106247,-67.34090424,408.4447327,0
16564,0.845153213,-1.556231141,-0.603338838,-0.360257268,6.270927906,0.087666154,983.887207,408.6741333,408.09552,-40.95234299,-67.45456696,408.09552,0
16574,1.118092179,-1.601720929,-0.833182216,-0.345335364,6.279987812,0.090064317,983.887207,408.6741333,407.6855164,-41.05081177,-67.56868744,407.6855164,0
16584,1.060631394,-1.632845521,-0.629675031,-0.326949447,6.287715435,0.09246248,984.0340576,407.4267883,407.2745056,-41.14936066,-67.6831131,407.2745056,0
16594,1.053448796,-1.651999116,-0.859518409,-0.308030635,6.295176029,0.096725874,984.0340576,407.4267883,406.8625183,-41.24795532,-67.79772949,406.8625183,0
16604,1.168370485,-1.606509328,-0.766144514,-0.289378256,6.299972057,0.100722812,984.0340576,407.4267883,406.5411072,-41.24614334,-67.91189575,406.5411072,0
16614,1.156399369,-1.59693253,-0.588973641,-0.273656964,6.308765411,0.104986221,984.0340576,407.4267883,406.1281433,-41.34432602,-68.02596283,406.1281433,0
16624,1.034295082,-1.654393315,-0.48123455,-0.258468598,6.315960407,0.111381322,984.1826782,406.1643982,405.7142029,-41.44266129,-68.14060974,405.7142029,0
16634,1.666364431,-1.659181833,-0.588973641,-0.245944872,6.326618671,0.119108729,984.1826782,406.1643982,405.2992859,-41.541008,-68.25530243,405.2992859,0
16644,1.510741234,-1.628057122,-0.608127236,-0.235019907,6.33967495,0.1334977,984.1826782,406.1643982,405.0021667,-41.51107025,-68.36968231,405.0021667,0
16654,0.969651699,-1.613691926,-0.402225882,-0.226759583,6.350866795,0.149751917,984.1826782,406.1643982,404.5865784,-41.60898209,-68.48391724,404.5865784,0
16664,1.290474772,-1.608903527,-0.699106872,-0.222496167,6.364989281,0.16573967,984.3328247,404.8896179,404.1700134,-41.70688248,-68.59810638,404.1700134,0
16674,1.26653266,-1.651999116,-0.612915635,-0.220897391,6.379111767,0.183592647,984.3328247,404.8896179,403.7524414,-41.80489731,-68.71272278,403.7524414,0
16684,1.127668977,-1.630451322,-0.275333196,-0.219298616,6.393500805,0.199846849,984.3328247,404.8896179,403.4766541,-41.75097656,-68.82712555,403.4766541,0
16694,1.261744261,-1.628057122,-0.337582439,-0.222762644,6.409222126,0.216900453,984.4880981,403.571106,403.0586548,-41.84856796,-68.94150543,403.0586548,0
16704,1.067813993,-1.675941229,-0.347159237,-0.231289431,6.427874088,0.229957119,984.4880981,403.571106,402.639679,-41.94628906,-69.05636597,402.639679,0
16714,0.897825658,-1.647210717,-0.452504128,-0.239816234,6.4459939,0.240882084,984.4880981,403.571106,402.2197266,-42.04394531,-69.17093658,402.2197266,0
16724,1.237802267,-1.651999116,-0.40940848,-0.248343036,6.461448669,0.249408886,984.4880981,403.571106,401.9596863,-41.97277832,-69.28555298,401.9596863,0
16734,1.125274777,-1.656787634,-0.210689753,-0.25766921,6.477436066,0.254738122,984.6467896,402.2234802,401.5394592,-42.07006073,-69.40022278,401.5394592,0
16744,1.07739079,-1.726219416,-0.493205547,-0.267528325,6.494223595,0.25553751,984.6467896,402.2234802,401.1182556,-42.16753006,-69.51558685,401.1182556,0
16754,1.118092179,-1.704671621,-0.639251828,-0.271258801,6.511543751,0.258202136,984.6467896,402.2234802,400.696106,-42.26496124,-69.6307373,400.696106,0
16764,1.345541358,-1.695094824,-0.414196908,-0.279519141,6.531261921,0.263264924,984.6467896,402.2234802,400.4481812,-42.18099976,-69.74578857,400.4481812,0
16774,0.933738649,-1.711854219,-0.189141929,-0.286180705,6.550713539,0.268327713,984.8071899,400.861908,400.0258789,-42.27802658,-69.86100769,400.0258789,0
16784,1.046266198,-1.692700624,-0.349553436,-0.294174582,6.565902233,0.272058189,984.8071899,400.861908,399.6026001,-42.37503433,-69.97603607,399.6026001,0
16794,1.333570361,-1.644816518,-0.490811348,-0.302434921,6.581623554,0.275522202,984.8071899,400.861908,399.1783752,-42.47195816,-70.0905838,399.1783752,0
16804,0.948103845,-1.74776721,-0.227449164,-0.311494648,6.600009441,0.276055127,984.8071899,400.861908,398.9405518,-42.37762833,-70.2061615,398.9405518,0
16814,1.130063176,-1.697489023,-0.189141929,-0.315225124,6.617595673,0.275522202,984.9675293,399.5010376,398.5162964,-42.47423935,-70.32123566,398.5162964,0
16824,1.292868972,-1.699883223,-0.59376204,-0.317623258,6.637313843,0.275788665,984.9675293,399.5010376,398.0910645,-42.57088852,-70.4363327,398.0910645,0
16834,0.761356115,-1.742978811,-0.48362875,-0.320554376,6.652502537,0.27845329,984.9675293,399.5010376,397.664856,-42.66766739,-70.55186462,397.664856,0
16844,0.960074902,-1.723825216,-0.713472128,-0.323485464,6.670088768,0.277920365,985.1329956,398.0964661,397.3132019,-42.68824005,-70.66720581,397.3132019,0
16854,0.950498104,-1.731007814,-0.258573771,-0.324817777,6.685543537,0.27632159,985.1329956,398.0964661,396.8858337,-42.78487015,-70.78261566,396.8858337,0
16864,0.859518409,-1.721431017,-0.342370838,-0.325617135,6.705261707,0.274189889,985.1329956,398.0964661,396.457489,-42.8815155,-70.89792633,396.457489,0
16874,0.914585054,-1.754949808,-0.395043284,-0.325084209,6.721516132,0.270459414,985.1329956,398.0964661,396.0281982,-42.97826767,-71.01357269,396.0281982,0
16884,0.92895025,-1.723825216,-0.59615624,-0.326416522,6.73670435,0.261932611,985.2984619,396.6925964,395.6931458,-42.98009872,-71.12891388,395.6931458,0
16894,0.660799682,-1.764526606,-0.500388145,-0.332278699,6.750560284,0.257136285,985.2984619,396.6925964,395.2628479,-43.07671356,-71.24465942,395.2628479,0
16904,0.955286503,-1.790862918,-0.493205547,-0.336275637,6.765481949,0.249941811,985.2984619,396.6925964,394.831604,-43.17341995,-71.36066437,394.831604,0
16914,0.636857629,-1.754949808,-0.648828685,-0.336009204,6.775074959,0.239549771,985.2984619,396.6925964,394.3993835,-43.27009964,-71.47631073,394.3993835,0
16924,0.905008256,-1.817199111,-0.517147541,-0.332012266,6.786532879,0.227292493,985.4689331,395.2460938,394.0763245,-43.25853348,-71.5925827,394.0763245,0
16934,0.869095206,-1.793257117,-0.770932972,-0.329614073,6.796391964,0.219831541,985.4689331,395.2460938,393.6432495,-43.35511017,-71.70861816,393.6432495,0
16944,0.948103845,-1.774103403,-0.972045898,-0.325350702,6.801455021,0.213169977,985.4689331,395.2460938,393.209198,-43.45169449,-71.82446289,393.209198,0
16954,0.627280831,-1.833958507,-1.00556469,-0.316290945,6.809182167,0.207574263,985.4689331,395.2460938,392.7742004,-43.54842758,-71.94090271,392.7742004,0
16964,0.663193882,-1.917755604,-0.93134445,-0.301901996,6.812912464,0.202245027,985.6394043,393.7998047,392.4626465,-43.52439499,-72.05818176,392.4626465,0
16974,1.034295082,-1.78368032,-1.240196466,-0.28564778,6.813445568,0.200379789,985.6394043,393.7998047,392.0269165,-43.62084579,-72.17411804,392.0269165,0
16984,0.730231524,-1.836352706,-0.984016895,-0.271525264,6.819041729,0.197182223,985.6394043,393.7998047,391.59021,-43.71743011,-72.29058075,391.59021,0
16994,1.082179189,-1.824381709,-1.352723956,-0.257136285,6.826768875,0.195849925,985.8132935,392.3249817,391.1525574,-43.81403732,-72.40692139,391.1525574,0
17004,1.307234168,-1.826775908,-1.340752959,-0.237151608,6.831298351,0.195583463,985.8132935,392.3249817,390.8496094,-43.78038025,-72.52329254,390.8496094,0
17014,1.170764685,-1.833958507,-1.158793569,-0.213702917,6.836361408,0.199846849,985.8132935,392.3249817,390.4113159,-43.87678528,-72.63973236,390.4113159,0
17024,1.242590666,-1.8579005,-1.197100878,-0.192385912,6.844355583,0.213169977,985.8132935,392.3249817,389.9720459,-43.97327042,-72.75640869,389.9720459,0
17034,1.328781962,-1.805228114,-0.986411095,-0.171601832,6.851016998,0.233687595,985.9870605,390.8514099,389.5318298,-44.06971359,-72.87255859,389.5318298,0
17044,1.271321058,-1.812410712,-1.010353088,-0.152949467,6.856879234,0.253672272,985.9870605,390.8514099,389.2373657,-44.0269165,-72.98878479,389.2373657,0
17054,1.11569798,-1.74776721,-0.9672575,-0.139359877,6.86460638,0.273124039,985.9870605,390.8514099,388.7966003,-44.12302017,-73.10436249,388.7966003,0
17064,1.381454349,-1.786074519,-0.895431459,-0.134030625,6.873399734,0.293641627,985.9870605,390.8514099,388.3548889,-44.21922684,-73.22032166,388.3548889,0
17074,1.326387763,-1.831564307,-0.725443125,-0.131366,6.8883214,0.312560499,986.1643677,389.3477783,387.9122009,-44.31554031,-73.33673859,387.9122009,0
17084,1.046266198,-1.836352706,-0.344765037,-0.133231238,6.901378632,0.32828176,986.1643677,389.3477783,387.6235352,-44.26634979,-73.45320129,387.6235352,0
17094,1.247379065,-1.843535304,-0.974440098,-0.140159264,6.917099476,0.342670739,986.1643677,389.3477783,387.1803894,-44.36240768,-73.5697403,387.1803894,0
17104,1.132457376,-1.915361404,-0.627280831,-0.148419604,6.934419632,0.353862166,986.1643677,389.3477783,386.7362671,-44.45861435,-73.68699646,386.7362671,0
17114,0.93134445,-1.850717902,-0.344765037,-0.160143942,6.951473236,0.363454819,986.3466187,387.8026123,386.2911987,-44.55477142,-73.80360413,386.2911987,0
17124,1.07739079,-1.766920805,-0.404620081,-0.177197546,6.970392227,0.371715158,986.3466187,387.8026123,386.0049133,-44.50224686,-73.91937256,386.0049133,0
17134,0.92895025,-1.740584612,-0.308852017,-0.200113311,6.987445354,0.37704441,986.3466187,387.8026123,385.5594177,-44.59795761,-74.03488159,385.5594177,0
17144,0.766144514,-1.939303398,-0.567425787,-0.221163854,7.001301765,0.379975498,986.5306396,386.2425232,385.1129456,-44.69401169,-74.15237427,385.1129456,0
17154,0.933738649,-1.814804912,-0.495599747,-0.239549771,7.019954205,0.37811026,986.5306396,386.2425232,384.6655273,-44.78994751,-74.26862335,384.6655273,0
17164,0.811634362,-1.800439715,-0.579396784,-0.253672272,7.032210827,0.373047471,986.5306396,386.2425232,384.3807678,-44.73497009,-74.38472748,384.3807678,0
17174,0.794874966,-1.862688899,-0.529118598,-0.2669954,7.05139637,0.361589581,986.5306396,386.2425232,383.9329224,-44.83068466,-74.50145721,383.9329224,0
17184,1.031900883,-1.960851192,-0.55784899,-0.278986216,7.066585064,0.353862166,986.7106323,384.7171326,383.4841309,-44.92660141,-74.61916351,383.4841309,0
17194,0.912190855,-1.917755604,-0.490811348,-0.284848392,7.081773758,0.349598765,986.7106323,384.7171326,383.0343628,-45.02252579,-74.73644257,383.0343628,0
17204,0.92895025,-1.884236693,-0.624886632,-0.293908119,7.094297409,0.344802469,986.7106323,384.7171326,382.7543335,-44.96214294,-74.85338593,382.7543335,0
17214,0.696712673,-1.881842494,-0.141257897,-0.301901996,7.111084461,0.33760795,986.7106323,384.7171326,382.3042297,-45.05770874,-74.9703064,382.3042297,0
17224,0.806845963,-1.934514999,-0.59376204,-0.313359886,7.127071857,0.329880536,986.8979492,383.1293335,381.8531494,-45.15342331,-75.0877533,381.8531494,0
17234,0.612915635,-1.956062794,-0.605733037,-0.325350702,7.145990849,0.319754958,986.8979492,383.1293335,381.401123,-45.24924088,-75.20541382,381.401123,0
17244,0.842759013,-1.968033791,-0.495599747,-0.33760795,7.159846783,0.304833084,986.8979492,383.1293335,381.1210022,-45.18772507,-75.32319641,381.1210022,0
17254,0.833182216,-1.927332401,-0.062249243,-0.347733527,7.174768925,0.289644688,986.8979492,383.1293335,380.6686401,-45.28318787,-75.44056702,380.6686401,0
17264,0.656011283,-1.999158382,-0.428562105,-0.358125567,7.188624859,0.272324651,987.0870361,381.5271912,380.215332,-45.37882996,-75.55865479,380.215332,0
17274,0.93134445,-1.963245392,-0.981622696,-0.363188356,7.203280449,0.259800911,987.0870361,381.5271912,379.7610474,-45.47451019,-75.67638397,379.7610474,0
17284,0.792480767,-1.991975784,-0.648828685,-0.367185295,7.217135906,0.248076573,987.0870361,381.5271912,379.4802551,-45.4120636,-75.79440308,379.4802551,0
17294,0.644040287,-1.951274395,-0.292092621,-0.368517607,7.234189987,0.23475343,987.276123,379.925293,379.0256348,-45.5073967,-75.91201782,379.0256348,0
17304,0.902614057,-1.987187386,-0.74459672,-0.36878407,7.248045921,0.219831541,987.276123,379.925293,378.5700684,-45.60287094,-76.02999115,378.5700684,0
17314,0.873883605,-2.056619167,-0.921767652,-0.367185295,7.263234615,0.203310877,987.276123,379.925293,378.1135559,-45.69852448,-76.14865875,378.1135559,0
17324,0.78050977,-2.039859772,-0.715866327,-0.365852982,7.274692535,0.190520674,987.276123,379.925293,377.8327637,-45.63430786,-76.26715851,377.8327637,0
17334,0.998382092,-2.123656988,-0.761356115,-0.359191418,7.286416531,0.182260334,987.4685669,378.2949524,377.375946,-45.72969055,-76.3864975,377.375946,0
17344,0.830788016,-2.032677174,-0.871489406,-0.345068902,7.295742512,0.176398173,987.4685669,378.2949524,376.9181519,-45.82505035,-76.50492096,376.9181519,0
17354,0.809240162,-1.963245392,-1.082179189,-0.329880536,7.306934357,0.172134757,987.4685669,378.2949524,376.4594116,-45.92041779,-76.62265015,376.4594116,0
17364,0.998382092,-2.08295536,-1.142034173,-0.317090333,7.318392277,0.163874418,987.4685669,378.2949524,376.177002,-45.8555603,-76.74157715,376.177002,0
17374,0.761356115,-2.035071373,-0.715866327,-0.304300129,7.33304739,0.153482378,987.664978,376.6315002,375.7179565,-45.95061493,-76.86003113,375.7179565,0
17384,1.039083481,-2.003946781,-0.746990919,-0.290177643,7.342373371,0.148952529,987.664978,376.6315002,375.2579651,-46.04572296,-76.9781723,375.2579651,0
17394,1.027112484,-2.037465572,-1.15161097,-0.274189889,7.350100994,0.150018379,987.664978,376.6315002,374.7970276,-46.14096069,-77.09664917,374.7970276,0
17404,1.039083481,-2.068590164,-1.046266198,-0.256869823,7.357295513,0.153748855,987.664978,376.6315002,374.5112305,-46.07659531,-77.21543884,374.5112305,0
17414,1.070208192,-2.090138197,-0.672770679,-0.243280247,7.370352268,0.160943344,987.8574829,375.0011902,374.0499878,-46.17145538,-77.33444214,374.0499878,0
17424,1.328781962,-2.118868589,-0.33518824,-0.232888207,7.383409023,0.168137819,987.8574829,375.0011902,373.5877991,-46.26643753,-77.45372772,373.5877991,0
17434,1.055842996,-2.037465572,-0.751779318,-0.224361405,7.397798061,0.173200607,987.8574829,375.0011902,373.1246338,-46.36140442,-77.57220459,373.1246338,0
17444,1.072602391,-2.011129379,-0.993593693,-0.217166916,7.411920071,0.179329246,988.0532837,373.3434753,372.7125549,-46.40900421,-77.69041443,372.7125549,0
17454,1.352723956,-2.059013367,-0.502782345,-0.215834603,7.430039883,0.188122496,988.0532837,373.3434753,372.2479858,-46.5039711,-77.80910492,372.2479858,0
17464,0.955286503,-2.049436569,-0.347159237,-0.217433393,7.446560383,0.195583463,988.0532837,373.3434753,371.7824707,-46.59900665,-77.92769623,371.7824707,0
17474,1.053448796,-2.037465572,-0.588973641,-0.220897391,7.4617486,0.202511474,988.0532837,373.3434753,371.315979,-46.69411469,-78.0461731,371.315979,0
17484,1.192312479,-1.987187386,-0.837970614,-0.221430331,7.478802204,0.207307816,988.2491455,371.6855164,370.9119568,-46.73107147,-78.16414642,370.9119568,0
17494,0.81881696,-2.15478158,-0.775721371,-0.22542727,7.496922016,0.212903515,988.2491455,371.6855164,370.4441528,-46.82623291,-78.28379059,370.4441528,0
17504,0.916979253,-2.111685991,-0.114921682,-0.224361405,7.509978294,0.213969365,988.2491455,371.6855164,369.9754028,-46.92142487,-78.40300751,369.9754028,0
17514,1.134851575,-2.054224968,-0.44532153,-0.225693718,7.525166988,0.213169977,988.2491455,371.6855164,369.5057068,-47.01663208,-78.52165222,369.5057068,0
17524,0.775721371,-2.099714994,-0.735019922,-0.230756521,7.542487144,0.208640128,988.4459229,370.0200195,369.1093445,-47.04326248,-78.64074707,369.1093445,0
17534,0.806845963,-2.039859772,-0.517147541,-0.235819295,7.559807301,0.20464319,988.4459229,370.0200195,368.6384277,-47.13831711,-78.75924683,368.6384277,0
17544,1.223437071,-2.135627985,0.04309563,-0.240615621,7.580591202,0.203843787,988.4459229,370.0200195,368.1665649,-47.23356247,-78.87870026,368.1665649,0
17554,1.101332784,-2.11647439,0.04070143,-0.247277185,7.600575924,0.200379789,988.4459229,370.0200195,367.6937561,-47.32887268,-78.99796295,367.6937561,0
17564,0.866701007,-2.015917778,-0.169988319,-0.262465537,7.617096424,0.197715163,988.6468506,368.3198547,367.3026123,-47.34692001,-79.11621857,367.3026123,0
17574,1.149216771,-2.164358377,-0.227449164,-0.280584991,7.63628149,0.193984687,988.6468506,368.3198547,366.8286438,-47.44210052,-79.23596191,366.8286438,0
17584,1.139639974,-2.104503393,-0.141257897,-0.298437983,7.65919733,0.19478406,988.6468506,368.3198547,366.3537292,-47.53730774,-79.35511017,366.3537292,0
17594,0.948103845,-2.173935175,0.050278235,-0.317090333,7.681313992,0.192652375,988.8518677,366.585083,365.8778687,-47.6326828,-79.4749527,365.8778687,0
17604,1.000776291,-2.111685991,-0.181959331,-0.333344579,7.701298714,0.186523736,988.8518677,366.585083,365.4897766,-47.64416504,-79.59416962,365.4897766,0
17614,0.883460402,-2.066195965,-0.433350503,-0.347733527,7.719684124,0.177197546,988.8518677,366.585083,365.0128479,-47.73921585,-79.71292877,365.0128479,0
17624,0.876277804,-2.171540976,-0.471657723,-0.359990805,7.73833704,0.166272581,988.8518677,366.585083,364.5349731,-47.83448029,-79.83274078,364.5349731,0
17634,1.00556469,-2.149993181,-0.37110126,-0.366652369,7.757788658,0.15534763,989.0578003,364.842804,364.0561523,-47.92982101,-79.95233917,364.0561523,0
17644,1.015141487,-2.176329374,-0.521935999,-0.372781008,7.773776054,0.147353753,989.0578003,364.842804,363.6711121,-47.93444824,-80.07220459,363.6711121,0
17654,0.972045898,-2.22900176,-0.677559078,-0.382107198,7.791362762,0.137494639,989.0578003,364.842804,363.1912842,-48.02962875,-80.19259644,363.1912842,0
17664,1.163581967,-2.224213362,-0.565031588,-0.391166925,7.808150291,0.127901986,989.0578003,364.842804,362.7105103,-48.12490845,-80.31293488,362.7105103,0
17674,1.149216771,-2.276885748,-0.29688102,-0.394897372,7.824403763,0.118575804,989.2597046,363.1351624,362.2287598,-48.22034454,-80.43380737,362.2287598,0
17684,1.216254473,-2.243366957,-0.70628953,-0.394630939,7.838792801,0.11191424,989.2597046,363.1351624,361.8499451,-48.21481705,-80.55434418,361.8499451,0
17694,1.15400517,-2.296039343,-0.701501071,-0.394098014,7.851583481,0.103653908,989.2597046,363.1351624,361.3673096,-48.30997086,-80.67540741,361.3673096,0
17704,1.319205165,-2.281674147,-0.756567717,-0.389834613,7.865439415,0.103120975,989.2597046,363.1351624,360.883728,-48.40521622,-80.79632568,360.883728,0
17714,1.661576033,-2.245761156,-0.526724398,-0.385837674,7.880095005,0.107650839,989.4690552,361.3643188,360.3992004,-48.50053024,-80.91688538,360.3992004,0
17724,1.477222443,-2.310404539,-0.988805294,-0.382640123,7.892618656,0.108983152,989.4690552,361.3643188,360.0222473,-48.48880005,-81.03808594,360.0222473,0
17734,1.489193439,-2.255337954,-0.89303726,-0.3709158,7.903810024,0.116710559,989.4690552,361.3643188,359.5368652,-48.58375931,-81.15873718,359.5368652,0
17744,2.049436569,-2.236184359,-0.794874966,-0.361856043,7.915801048,0.129234299,989.6766357,359.609375,359.0505371,-48.67880249,-81.27919769,359.0505371,0
17754,1.695094824,-2.257732153,-0.565031588,-0.351730466,7.930988789,0.143623278,989.6766357,359.609375,358.5632629,-48.77396774,-81.39987183,358.5632629,0
17764,1.549048543,-2.185906172,-0.725443125,-0.346401215,7.942713737,0.162542105,989.6766357,359.609375,358.1900635,-48.75362015,-81.5198288,358.1900635,0
17774,1.836352706,-2.183511972,-1.039083481,-0.344535977,7.956569672,0.181727409,989.6766357,359.609375,357.7020264,-48.84825134,-81.63976288,357.7020264,0
17784,1.884236693,-2.22900176,-0.533906996,-0.348266453,7.973622799,0.197981626,989.8859863,357.8396301,357.2130432,-48.94303513,-81.76015472,357.2130432,0
17794,1.496376038,-2.348711967,-0.538695395,-0.353329241,7.991476536,0.212370604,989.8859863,357.8396301,356.723114,-49.03804398,-81.88174438,356.723114,0
17804,2.073378563,-2.224213362,-0.852335811,-0.359191418,8.01039505,0.228358343,989.8859863,357.8396301,356.3530884,-49.00936508,-82.00208282,356.3530884,0
17814,1.695094824,-2.245761156,-0.617704034,-0.371182233,8.031711578,0.24567841,989.8859863,357.8396301,355.8625488,-49.1037178,-82.12264252,355.8625488,0
17824,1.537077546,-2.245761156,-0.545877993,-0.384505361,8.054361343,0.262465537,990.0953369,356.0696716,355.3710632,-49.19817734,-82.24320221,355.3710632,0
17834,1.616086125,-2.255337954,-0.881066203,-0.397561997,8.079408646,0.276055127,990.0953369,356.0696716,354.8786316,-49.29275131,-82.36385345,354.8786316,0
17844,1.587355733,-2.279279947,-0.524330199,-0.410885125,8.098061562,0.282450229,990.0953369,356.0696716,354.5123901,-49.25469971,-82.48474884,354.5123901,0
17854,1.312022567,-2.341529369,-0.567425787,-0.421543658,8.116713524,0.284848392,990.0953369,356.0696716,354.0193787,-49.34873199,-82.60626221,354.0193787,0
17864,1.577778935,-2.334346771,-0.641646028,-0.430603355,8.137230873,0.285914242,990.3080444,354.2724304,353.5254211,-49.44286728,-82.72770691,353.5254211,0
17874,1.649604917,-2.336740971,-0.746990919,-0.442860663,8.157748222,0.285914242,990.3080444,354.2724304,353.0305481,-49.53711319,-82.8491745,353.0305481,0
17884,1.350329757,-2.324769735,-0.644040287,-0.455384374,8.177733421,0.290710568,990.3080444,354.2724304,352.6666565,-49.49077606,-82.97052002,352.6666565,0
17894,1.496376038,-2.394201756,-0.799663365,-0.46950686,8.193987846,0.293908119,990.522522,352.4598999,352.1712952,-49.58435822,-83.09255981,352.1712952,0
17904,1.501164436,-2.425326347,-0.857124209,-0.484695256,8.208375931,0.294441044,990.522522,352.4598999,351.6749878,-49.6781044,-83.21491241,351.6749878,0
17914,1.503558636,-2.442085743,-0.581790984,-0.498284817,8.226495743,0.292042881,990.522522,352.4598999,351.1777344,-49.77198792,-83.33743286,351.1777344,0
17924,1.33835876,-2.485181332,-0.902614057,-0.509209812,8.239819527,0.288045943,990.522522,352.4598999,350.8156433,-49.71760559,-83.46038818,350.8156433,0
17934,1.362300754,-2.408566952,-1.139639974,-0.514805496,8.250211716,0.280584991,990.7419434,350.6061096,350.3180237,-49.81059647,-83.58257294,350.3180237,0
17944,1.256955862,-2.358288765,-1.26653266,-0.519068897,8.261136055,0.273923427,990.7419434,350.6061096,349.819458,-49.90364456,-83.70425415,349.819458,0
17954,1.335964561,-2.358288765,-0.907402456,-0.520134747,8.268597603,0.264330775,990.7419434,350.6061096,349.3199768,-49.99682236,-83.82593536,349.3199768,0
17964,1.395819545,-2.41335535,-1.15161097,-0.516137838,8.276857376,0.257402748,990.7419434,350.6061096,348.9572144,-49.93618774,-83.94816589,348.9572144,0
17974,1.608903527,-2.497152328,-1.52510643,-0.512940288,8.285384178,0.250208259,990.9580688,348.7807007,348.4573975,-50.02862549,-84.07123566,348.4573975,0
17984,1.434126854,-2.430114746,-1.106121182,-0.504413486,8.29391098,0.247010723,990.9580688,348.7807007,347.956665,-50.12108612,-84.19363403,347.956665,0
17994,1.594538331,-2.45166254,-1.07739079,-0.492689133,8.302970886,0.249142408,990.9580688,348.7807007,347.4549866,-50.21371841,-84.31625366,347.4549866,0
18004,1.628057122,-2.458845139,-1.422155857,-0.48309648,8.316560745,0.252073497,990.9580688,346.9561462,346.9526978,-50.30615616,-84.43894196,346.9526978,0
18014,1.400607944,-2.418143749,-1.826775908,-0.472171485,8.327219009,0.25660339,991.1741333,346.9561462,346.4491882,-50.39899063,-84.56122589,346.4491882,0
18024,1.692700624,-2.372653961,-1.276109457,-0.458581924,8.335745811,0.262731999,991.1741333,346.9561462,345.9447327,-50.49188232,-84.68305206,345.9447327,0
18034,2.085349798,-2.322375536,-1.082179189,-0.444459409,8.341608047,0.270192951,991.1741333,346.9561462,345.4393616,-50.58482361,-84.80437469,345.4393616,0
18044,1.704671621,-2.319981337,-1.355118155,-0.43220216,8.355197906,0.281650841,991.3919678,345.1168213,344.9475098,-50.66081619,-84.92567444,344.9475098,0
18054,1.529894829,-2.41574955,-1.690306425,-0.425274134,8.367188454,0.293641627,991.3919678,345.1168213,344.4404297,-50.75399399,-85.04793549,344.4404297,0
18064,1.778891921,-2.456450939,-1.59932673,-0.42074427,8.375981331,0.306698322,991.3919678,345.1168213,343.9324341,-50.84734344,-85.17060089,343.9324341,0
18074,1.699883223,-2.468421936,-1.137245774,-0.417813152,8.385307312,0.31895557,991.3919678,345.1168213,343.4234924,-50.9408226,-85.29338837,343.4234924,0
18084,2.003946781,-2.434903145,-1.268926859,-0.415415019,8.395433426,0.332278699,991.6113892,343.2643433,342.9415894,-51.00057602,-85.41584015,342.9415894,0
18094,1.628057122,-2.446874142,-1.563413739,-0.411951005,8.404226303,0.345335364,991.6113892,343.2643433,342.4311218,-51.09396744,-85.53840637,342.4311218,0
18104,1.41257906,-2.353500366,-1.256955862,-0.409819305,8.412753105,0.356526792,991.6113892,343.2643433,341.9197388,-51.18733597,-85.66004181,341.9197388,0
18114,1.575384736,-2.437297344,-0.962469101,-0.4103522,8.422346115,0.364787132,991.6113892,343.2643433,341.4074097,-51.28092194,-85.78251648,341.4074097,0
18124,1.891419291,-2.410961151,-1.288080573,-0.411951005,8.432472229,0.371715158,991.8342896,341.3825378,340.9335938,-51.32575226,-85.90472412,340.9335938,0
18134,1.491587639,-2.49236393,-1.30005157,-0.411151588,8.443130493,0.376511484,991.8342896,341.3825378,340.4198914,-51.4192276,-86.02774811,340.4198914,0
18144,1.45088625,-2.475604534,-1.508347034,-0.412483901,8.455387115,0.381041348,991.8342896,341.3825378,339.9052429,-51.51277924,-86.15060425,339.9052429,0
18154,1.78368032,-2.418143749,-1.321599364,-0.412217438,8.463913918,0.383972436,991.8342896,339.5016174,339.3896484,-51.60635757,-86.27288818,339.3896484,0
18164,1.197100878,-2.482787132,-1.082179189,-0.412483901,8.472973824,0.386370599,992.0571899,339.5016174,338.9246521,-51.63497162,-86.39581299,338.9246521,0
18174,1.347935557,-2.430114746,-1.503558636,-0.411951005,8.482832909,0.384505361,992.0571899,339.5016174,338.4078369,-51.72823334,-86.51821136,338.4078369,0
18184,1.594538331,-2.590526342,-1.216254473,-0.41141808,8.491093636,0.379709035,992.0571899,339.5016174,337.8901062,-51.82181931,-86.64221954,337.8901062,0
18194,1.283292055,-2.576161146,-1.237802267,-0.408486992,8.500419617,0.373580426,992.2850952,337.5784302,337.3714294,-51.9154892,-86.76608276,337.3714294,0
18204,1.587355733,-2.444479942,-1.290474772,-0.407954067,8.509212494,0.371448696,992.2850952,337.5784302,336.9122925,-51.93102264,-86.8886261,336.9122925,0
18214,1.458068848,-2.437297344,-1.043871999,-0.407954067,8.521203995,0.370382845,992.2850952,337.5784302,336.3925171,-52.02405548,-87.01110077,336.3925171,0
18224,0.905008256,-2.504334927,-1.426944256,-0.405022949,8.532395363,0.366918862,992.2850952,337.5784302,335.8718262,-52.1172905,-87.13424683,335.8718262,0
18234,1.242590666,-2.513911724,-1.568202138,-0.39996019,8.541454315,0.362388968,992.5170288,335.6218567,335.3501892,-52.21064377,-87.25748444,335.3501892,0
18244,1.45088625,-2.516305923,-1.170764685,-0.393032134,8.55397892,0.35945788,992.5170288,335.6218567,334.8948059,-52.21567917,-87.38074493,334.8948059,0
18254,1.036689281,-2.523488522,-0.641646028,-0.387169987,8.566235542,0.353062779,992.5170288,335.6218567,334.3721924,-52.3085022,-87.50408173,334.3721924,0
18264,1.127668977,-2.597708941,-1.132457376,-0.386370599,8.576627731,0.342670739,992.5170288,335.6218567,333.8486633,-52.40154648,-87.62815857,333.8486633,0
18274,1.106121182,-2.535459518,-1.572990537,-0.386637062,8.588085175,0.330946386,992.7449951,333.6994019,333.3241882,-52.49460602,-87.7516098,333.3241882,0
18284,0.787692368,-2.564189911,-1.52510643,-0.382906556,8.597412109,0.321886688,992.7449951,333.6994019,332.8762207,-52.48398209,-87.87535095,332.8762207,0
18294,1.180341482,-2.67671752,-1.065419793,-0.375978559,8.603274345,0.309096456,992.7449951,333.6994019,332.3509216,-52.57658386,-88.00022125,332.3509216,0
18304,1.084573388,-2.535459518,-1.302445769,-0.366385907,8.610468864,0.297638565,992.7449951,331.7627869,331.824707,-52.66906357,-88.12367249,331.824707,0
18314,1.019929886,-2.513911724,-1.568202138,-0.355727404,8.613665581,0.285914242,992.9746094,331.7627869,331.2975464,-52.76161957,-88.2469101,331.2975464,0
18324,1.082179189,-2.511517525,-1.551442742,-0.342404276,8.615797997,0.27738744,992.9746094,331.7627869,330.8563232,-52.73571396,-88.37012482,330.8563232,0
18334,1.11569798,-2.485181332,-1.125274777,-0.32721591,8.622992516,0.269660026,992.9746094,331.7627869,330.3285217,-52.82735062,-88.49308014,330.3285217,0
18344,1.465251446,-2.564189911,-0.981622696,-0.313626319,8.632584572,0.26592955,993.2059326,329.8125,329.7998047,-52.91925049,-88.61682129,329.7998047,0
18354,1.307234168,-2.602497339,-1.218648672,-0.298437983,8.640312195,0.262465537,993.2059326,329.8125,329.2701416,-53.01132965,-88.74094391,329.2701416,0
18364,0.9672575,-2.643198729,-1.580173135,-0.292042881,8.652036667,0.260866761,993.2059326,329.8125,328.8349915,-52.97098923,-88.86547852,328.8349915,0
18374,1.321599364,-2.559401512,-1.625662923,-0.288312376,8.661362648,0.260600299,993.2059326,329.8125,328.3048096,-53.0619545,-88.98917389,328.3048096,0
18384,1.417367458,-2.53067112,-0.940921247,-0.280052066,8.66669178,0.260866761,993.4371948,327.8630981,327.7737427,-53.15297699,-89.11257935,327.7737427,0
18394,1.146822572,-2.652775526,-1.110909581,-0.271258801,8.674419403,0.26592955,993.4371948,327.8630981,327.2417603,-53.24435425,-89.23720551,327.2417603,0
18404,1.321599364,-2.657563925,-1.580173135,-0.268327713,8.682147026,0.268860638,993.4371948,327.8630981,326.813324,-53.18818665,-89.36187744,326.813324,0
18414,1.242590666,-2.626439333,-1.18991828,-0.267528325,8.691205978,0.270459414,993.4371948,327.8630981,326.2809753,-53.27828979,-89.4862442,326.2809753,0
18424,1.271321058,-2.647987127,-0.888248801,-0.265130162,8.7023983,0.274189889,993.6677856,325.9197693,325.7477417,-53.36855698,-89.61082458,325.7477417,0
18434,1.515529633,-2.564189911,-1.367089152,-0.265396625,8.714388847,0.277920365,993.6677856,325.9197693,325.2135925,-53.45874786,-89.73456573,325.2135925,0
18444,1.278503656,-2.547430515,-1.192312479,-0.270192951,8.730377197,0.28671363,993.6677856,325.9197693,324.7928772,-53.38460922,-89.85813904,324.7928772,0
18454,1.467645645,-2.609679937,-1.084573388,-0.276588053,8.731176376,0.293375194,993.6677856,323.927002,324.2585754,-53.47344589,-89.98233795,324.2585754,0
18464,1.438915253,-2.719813108,-1.055842996,-0.281917304,8.731176376,0.297638565,993.9082642,323.89328,323.7233887,-53.56269073,-90.1076355,323.7233887,0
18474,0.847547412,-2.585737944,-1.192312479,-0.282716691,8.731176376,0.298437983,993.9082642,323.89328,323.1873169,-53.6517067,-90.23159027,323.1873169,0
18484,1.429338455,-2.588132143,-1.221042871,-0.282183766,8.731176376,0.304300129,993.9082642,323.89328,322.7668457,-53.57042694,-90.35556793,322.7668457,0
18494,1.22583127,-2.628833532,-0.644040287,-0.280851454,8.731176376,0.306165397,994.1422729,321.9216614,322.2307129,-53.6579895,-90.47995758,322.2307129,0
18504,1.084573388,-2.657563925,-1.156399369,-0.281917304,8.731176376,0.304833084,994.1422729,321.9216614,321.6936951,-53.74575806,-90.60462952,321.6936951,0
18514,1.194706678,-2.662352324,-1.312022567,-0.288045943,8.731176376,0.300303191,994.1422729,321.9216614,321.1558228,-53.83366394,-90.72935486,321.1558228,0
18524,1.074996591,-2.655169725,-1.41257906,-0.29710567,8.731176376,0.293908119,994.1422729,321.9216614,320.7415466,-53.73664474,-90.85400391,320.7415466,0
18534,1.304839969,-2.705447912,-1.120486379,-0.302434921,8.731176376,0.290710568,994.3827515,319.8959656,320.2037659,-53.82296371,-90.97915649,320.2037659,0
18544,0.926556051,-2.741360903,-0.976834297,-0.303767234,8.731176376,0.284049004,994.3827515,319.8959656,319.6651001,-53.90953064,-91.10466766,319.6651001,0
18554,0.711077929,-2.700659513,-1.44849205,-0.306698322,8.731176376,0.276055127,994.3827515,319.8959656,319.1255798,-53.99609375,-91.22977448,319.1255798,0
18564,1.165976286,-2.734178305,-1.30005157,-0.306964755,8.731176376,0.268860638,994.3827515,319.8959656,318.7124939,-53.89090729,-91.35521698,318.7124939,0
18574,1.379060149,-2.650381327,-0.644040287,-0.305898935,8.731176376,0.260333836,994.6224976,317.8768921,318.1731567,-53.97546768,-91.47982025,318.1731567,0
18584,0.608127236,-2.841917515,-0.600944638,-0.309362948,8.731176376,0.249408886,994.6224976,317.8768921,317.6329651,-54.06089401,-91.6063385,317.6329651,0
18594,1.357512355,-2.707842112,-1.290474772,-0.312826961,8.731176376,0.240615621,994.6224976,317.8768921,317.0919189,-54.14595413,-91.73151398,317.0919189,0
18604,1.510741234,-2.698265314,-1.369483352,-0.315491587,8.731176376,0.237418056,994.6224976,315.8587341,316.4816895,-54.33553696,-91.8565979,316.4816895,0
18614,1.37427175,-2.777273893,-0.873883605,-0.317356825,8.731176376,0.235552832,994.8622437,315.8587341,315.9378967,-54.42221069,-91.98246765,315.9378967,0
18624,1.78128612,-2.691082716,-1.242590666,-0.318156213,8.731176376,0.240615621,994.8622437,315.8587341,315.3932495,-54.50873566,-92.10747528,315.3932495,0
18634,1.522712231,-2.688688517,-1.010353088,-0.313626319,8.731176376,0.24674426,994.8622437,315.8587341,314.8477478,-54.59538651,-92.23246002,314.8477478,0
18644,1.778891921,-2.671929121,-0.991199493,-0.314159274,8.731176376,0.257402748,995.1037598,313.8254089,314.2535095,-54.75592041,-92.35727692,314.2535095,0
18654,1.74776721,-2.67671752,-1.067813993,-0.314958632,8.731176376,0.270725876,995.1037598,313.8254089,313.7055359,-54.84353638,-92.48214722,313.7055359,0
18664,1.589749932,-2.815581083,-1.00556469,-0.317356825,8.731176376,0.279252678,995.1037598,313.8254089,313.1566772,-54.93169785,-92.60840607,313.1566772,0
18674,1.628057122,-2.703053713,-1.142034173,-0.325617135,8.731176376,0.289111793,995.1037598,313.8254089,312.6069336,-55.01965332,-92.73353577,312.6069336,0
18684,2.027888775,-2.748543501,-0.579396784,-0.33973965,8.731176376,0.302967817,995.3451538,311.7935181,312.0294495,-55.14948654,-92.85912323,312.0294495,0
18694,1.570596337,-2.760514498,-0.464475125,-0.357859105,8.731176376,0.320021451,995.3451538,311.7935181,311.4775085,-55.23824692,-92.98482513,311.4775085,0
18704,1.601720929,-2.829946518,-0.751779318,-0.382107198,8.731176376,0.334676892,995.3451538,311.7935181,310.9246826,-55.32732391,-93.11122131,310.9246826,0
18714,1.707065821,-2.731784105,-1.18991828,-0.406888187,8.731176376,0.344535977,995.3451538,311.7935181,310.3709412,-55.41626358,-93.23664093,310.3709412,0
18724,1.118092179,-2.834734917,-1.106121182,-0.427139342,8.731176376,0.344003052,995.5917358,309.7185364,309.8061829,-55.52134705,-93.36309052,309.8061829,0
18734,1.235408068,-2.786850691,-0.699106872,-0.443127096,8.731176376,0.3365421,995.5917358,309.7185364,309.2505188,-55.61083984,-93.48905945,309.2505188,0
18744,1.37427175,-2.880224705,-0.775721371,-0.456183791,8.731176376,0.324284822,995.5917358,309.7185364,308.6939392,-55.70070648,-93.61595917,308.6939392,0
18754,1.175553083,-2.928108692,-0.969651699,-0.468973964,8.731176376,0.307764143,995.5917358,307.6304626,308.1364746,-55.7908287,-93.74333954,308.1364746,0
18764,1.216254473,-2.868253708,-1.431732655,-0.477500767,8.731176376,0.287513018,995.8399048,307.6304626,307.5835876,-55.87242126,-93.87012482,307.5835876,0
18774,0.849941611,-3.004723072,-1.326387763,-0.483362943,8.731176376,0.264064312,995.8399048,307.6304626,307.0244141,-55.96294022,-93.99827576,307.0244141,0
18784,1.302445769,-2.918531895,-1.290474772,-0.482297063,8.731176376,0.241415009,995.8399048,307.6304626,306.464325,-56.05339813,-94.12556458,306.464325,0
18794,1.910573006,-2.86107111,-1.371877551,-0.474303216,8.731176376,0.22382848,996.0864258,305.5568237,305.9033203,-56.14386749,-94.25227356,305.9033203,0
18804,1.206677675,-2.865859509,-1.55862534,-0.463111788,8.731176376,0.211837664,996.0864258,305.5568237,305.3643188,-56.19921494,-94.37903595,305.3643188,0
18814,1.510741234,-2.875436306,-1.984793186,-0.453519166,8.731176376,0.20464319,996.0864258,305.5568237,304.8018799,-56.28973389,-94.50588989,304.8018799,0
18824,1.769315004,-2.832340717,-1.398213744,-0.444459409,8.731176376,0.201978564,996.0864258,305.5568237,304.2385254,-56.38029861,-94.63231659,304.2385254,0
18834,1.623268723,-2.923320293,-1.400607944,-0.432735085,8.731176376,0.196649313,996.3329468,303.4835815,303.6742554,-56.47121048,-94.75965118,303.6742554,0
18844,1.836352706,-2.985569477,-1.616086125,-0.41967839,8.731176376,0.196915776,996.3329468,303.4835815,303.1492615,-56.50087357,-94.88760376,303.1492615,0
18854,1.951274395,-3.043030262,-1.395819545,-0.410085768,8.731176376,0.20411025,996.3329468,303.4835815,302.5838013,-56.59186935,-95.01613617,302.5838013,0
18864,1.843535304,-2.913743496,-1.22583127,-0.400226623,8.731176376,0.21503523,996.3329468,303.4835815,302.0174255,-56.68270493,-95.14337158,302.0174255,0
18874,1.920149803,-2.86107111,-1.290474772,-0.391166925,8.731176376,0.227558956,996.5811768,301.3967896,301.4501343,-56.77355576,-95.27008057,301.4501343,0
18884,1.59932673,-2.887407303,-1.501164436,-0.382107198,8.731176376,0.239016846,996.5811768,301.3967896,300.937561,-56.78003693,-95.39705658,300.937561,0
18894,1.642422318,-2.983175278,-1.37427175,-0.376777947,8.731176376,0.247810096,996.5811768,301.3967896,300.3692932,-56.8707962,-95.52498627,300.3692932,0
18904,1.996764183,-2.956839085,-0.993593693,-0.375445634,8.731176376,0.253672272,996.5811768,299.3104248,299.8001404,-56.96161652,-95.65265656,299.8001404,0
18914,1.78128612,-2.868253708,-1.029506683,-0.37917611,8.731176376,0.263264924,996.8293457,299.3104248,299.230072,-57.05236435,-95.77944183,299.230072,0
18924,1.668758631,-3.086126089,-1.04147768,-0.382906556,8.731176376,0.270192951,996.8293457,299.3104248,298.7299194,-57.03710175,-95.90840149,298.7299194,0
18934,1.762132406,-3.047818661,-1.321599364,-0.3885023,8.731176376,0.277920365,996.8293457,299.3104248,298.1590881,-57.12774658,-96.03697968,298.1590881,0
18944,1.805228114,-2.980781078,-1.218648672,-0.389301687,8.731176376,0.283249617,997.0826416,297.1815186,297.5873413,-57.21835709,-96.16488647,297.5873413,0
18954,1.778891921,-3.01429987,-0.885854602,-0.397295564,8.731176376,0.287246555,997.0826416,297.1815186,297.0147095,-57.30916977,-96.29312897,297.0147095,0
18964,1.649604917,-3.009511471,-1.082179189,-0.413016826,8.731176376,0.291509956,997.0826416,297.1815186,296.5220032,-57.27962112,-96.42132568,296.5220032,0
18974,1.620874524,-2.983175278,-1.48679924,-0.426073521,8.731176376,0.295240432,997.0826416,297.1815186,295.948761,-57.36977005,-96.54925537,295.948761,0
18984,1.522712231,-2.949656487,-1.206677675,-0.435399711,8.731176376,0.300836146,997.3359375,295.0530701,295.3746033,-57.45996857,-96.67684937,295.3746033,0
18994,1.640028119,-3.148375273,-0.696712673,-0.446591109,8.731176376,0.302168459,997.3359375,295.0530701,294.7995605,-57.55078125,-96.80643463,294.7995605,0
19004,1.546654344,-2.964021683,-1.405396342,-0.456183791,8.731176376,0.29923737,997.3359375,295.0530701,294.3144226,-57.50735855,-96.93417358,294.3144226,0
19014,1.309628367,-3.086126089,-1.371877551,-0.463378251,8.731176376,0.293375194,997.3359375,295.0530701,293.7388916,-57.59738159,-97.06313324,293.7388916,0
19024,1.403002143,-3.059789658,-1.352723956,-0.467641652,8.731176376,0.28564778,997.5909424,292.910553,293.1624451,-57.68747711,-97.1918335,293.1624451,0
19034,1.580173135,-3.052607059,-1.515529633,-0.465243489,8.731176376,0.275788665,997.5909424,292.910553,292.5851135,-57.7776947,-97.32045746,292.5851135,0
19044,1.022324085,-3.090914488,-1.845929503,-0.454584986,8.731176376,0.265396625,997.5909424,292.910553,292.1059265,-57.72369385,-97.44946289,292.1059265,0
19054,1.101332784,-3.105279684,-1.549048543,-0.440995395,8.731176376,0.252339959,997.5909424,290.7545471,291.5282288,-57.81335068,-97.57861328,291.5282288,0
19064,1.314416766,-3.217807055,-1.491587639,-0.41861257,8.731176376,0.235019907,997.8476563,290.7545471,290.949646,-57.90345001,-97.70889282,290.949646,0
19074,1.429338455,-3.078943491,-2.087743998,-0.400226623,8.731176376,0.219831541,997.8476563,290.7545471,290.3701477,-57.99331284,-97.83778381,290.3701477,0
19084,1.474828243,-3.064578056,-1.982398987,-0.377843797,8.731176376,0.215301678,997.8476563,290.7545471,289.8955078,-57.93088913,-97.96652985,289.8955078,0
19094,1.52510643,-3.052607059,-1.493981838,-0.355460972,8.731176376,0.214235827,998.104248,288.5994873,289.3157349,-58.01991272,-98.09515381,289.3157349,0
19104,1.903390408,-3.095702887,-1.235408068,-0.33973965,8.731176376,0.218765706,998.104248,288.5994873,288.7350769,-58.10918808,-98.22421265,288.7350769,0
19114,2.013523579,-3.078943491,-1.580173135,-0.320554376,8.731176376,0.229690656,998.104248,288.5994873,288.1535339,-58.19853973,-98.35310364,288.1535339,0
19124,1.249773264,-3.031059265,-1.572990537,-0.30856356,8.731176376,0.237684533,998.104248,288.5994873,287.6836853,-58.12752533,-98.48151398,287.6836853,0
19134,1.56101954,-3.098097086,-1.546654344,-0.295506895,8.731176376,0.246211335,998.3626709,286.4298706,287.1019592,-58.2161026,-98.6105957,287.1019592,0
19144,1.989581585,-2.978386879,-0.926556051,-0.28777948,8.731176376,0.262465537,998.3626709,286.4298706,286.5193787,-58.30443192,-98.73847961,286.5193787,0
19154,1.625662923,-3.038241863,-0.960074902,-0.294441044,8.731176376,0.280318528,998.3626709,286.4298706,285.9358826,-58.39305878,-98.86695862,285.9358826,0
19164,1.479616642,-3.095702887,-1.019929886,-0.30856356,8.731176376,0.291776419,998.3626709,286.4298706,285.4692688,-58.31612778,-98.99601746,285.4692688,0
19174,1.211466074,-3.124433279,-1.07739079,-0.326683015,8.731176376,0.291509956,998.6226807,284.2472839,284.8856812,-58.40415955,-99.12535858,284.8856812,0
19184,1.371877551,-3.090914488,-1.379060149,-0.341871351,8.731176376,0.28884533,998.6226807,284.2472839,284.3012085,-58.49221039,-99.25436401,284.3012085,0
19194,1.845929503,-3.179499865,-1.043871999,-0.356260329,8.731176376,0.288312376,998.6226807,284.2472839,283.7158508,-58.5806694,-99.38426208,283.7158508,0
19204,1.618480325,-3.002328873,-0.524330199,-0.368517607,8.731176376,0.294441044,998.6226807,282.0646667,283.0136719,-58.83002472,-99.51238251,283.0136719,0
19214,2.018311977,-3.102885485,-1.197100878,-0.383705974,8.731176376,0.308030635,998.8869019,282.029541,282.4249268,-58.91953659,-99.64151001,282.4249268,0
19224,1.690306425,-3.150769472,-1.319205165,-0.406621754,8.731176376,0.321353763,998.8869019,282.029541,281.8352661,-59.00930786,-99.77111816,281.8352661,0
19234,1.398213744,-3.327940464,-0.579396784,-0.433001518,8.731176376,0.32934764,998.8869019,282.029541,281.2447205,-59.09968948,-99.90249634,281.2447205,0
19244,1.836352706,-3.299209833,-0.323217243,-0.457249612,8.731176376,0.333877474,999.1503296,279.819458,280.5628662,-59.31414795,-100.0335922,280.5628662,0
19254,1.699883223,-3.256114244,-1.074996591,-0.479366004,8.731176376,0.332811654,999.1503296,279.819458,279.9692688,-59.4053154,-100.1642532,279.9692688,0
19264,1.177947283,-3.19865346,-1.479616642,-0.495620191,8.731176376,0.330679953,999.1503296,279.819458,279.3747559,-59.49648666,-100.294342,279.3747559,0
19274,1.426944256,-3.193865061,-1.695094824,-0.509209812,8.731176376,0.322686076,999.1503296,279.819458,278.7793274,-59.58779144,-100.4243774,278.7793274,0
19284,1.484405041,-3.162740469,-1.034295082,-0.518535972,8.731176376,0.312294006,999.4120483,277.6238098,278.1226807,-59.76067352,-100.5541077,278.1226807,0
19294,1.63523972,-3.232172251,-1.221042871,-0.524131715,8.731176376,0.299503833,999.4120483,277.6238098,277.5246277,-59.85278702,-100.6845322,277.5246277,0
19304,1.59693253,-3.222595453,-1.814804912,-0.524398148,8.731176376,0.288045943,999.4120483,277.6238098,276.9256287,-59.94502258,-100.8148575,276.9256287,0
19314,1.398213744,-3.215412855,-2.006340981,-0.520134747,8.731176376,0.278719753,999.4120483,277.6238098,276.3257141,-60.03738403,-100.9451141,276.3257141,0
19324,1.845929503,-3.217807055,-1.237802267,-0.512940288,8.731176376,0.272857577,999.6754761,275.4141846,275.6915894,-60.17417526,-101.0753937,275.6915894,0
19334,1.963245392,-3.241749048,-1.395819545,-0.50068301,8.731176376,0.262465537,999.6754761,275.4141846,275.089386,-60.26708603,-101.2059097,275.089386,0
19344,1.446097851,-3.277662039,-1.838746905,-0.483895868,8.731176376,0.250208259,999.6754761,275.4141846,274.4862671,-60.36018753,-101.3367844,274.4862671,0
19354,1.759738207,-3.251325846,-1.654393315,-0.467908114,8.731176376,0.239549771,999.6754761,273.2055359,273.8822021,-60.45337296,-101.4673996,273.8822021,0
19364,2.102109194,-3.169923067,-1.862688899,-0.453252673,8.731176376,0.23475343,999.9389038,273.2055359,273.2695923,-60.55652618,-101.5971985,273.2695923,0
19374,2.027888775,-3.282450438,-1.479616642,-0.441261858,8.731176376,0.235552832,999.9389038,273.2055359,272.6635742,-60.65005493,-101.7281265,272.6635742,0
19384,2.090138197,-3.244143248,-1.620874524,-0.429271042,8.731176376,0.244346097,999.9389038,273.2055359,272.0566101,-60.74364471,-101.8586655,272.0566101,0
19394,2.403778553,-3.270479441,-1.853112102,-0.420211345,8.731176376,0.253938764,1000.204041,270.9823608,271.4487305,-60.8373909,-101.9894714,271.4487305,0
19404,1.877054095,-3.222595453,-1.218648672,-0.417280257,8.731176376,0.265663087,1000.204041,270.9823608,270.85495,-60.9118576,-102.1197968,270.85495,0
19414,2.442085743,-3.191470861,-1.438915253,-0.417280257,8.731176376,0.284315467,1000.204041,270.9823608,270.2453613,-61.00562668,-102.2498093,270.2453613,0
19424,2.604891539,-3.263296843,-1.209071875,-0.426339954,8.731176376,0.30643183,1000.204041,270.9823608,269.6348572,-61.09961319,-102.3805389,269.6348572,0
19434,2.097320795,-3.251325846,-0.895431459,-0.43939665,8.731176376,0.329880536,1000.469238,268.7597046,269.023407,-61.19369507,-102.5111542,269.023407,0
19444,1.965639591,-3.339911461,-0.986411095,-0.458848417,8.731176376,0.347200602,1000.469238,268.7597046,268.4475098,-61.24193954,-102.6426544,268.4475098,0
19454,1.877054095,-3.368641853,-1.323993564,-0.481231242,8.731176376,0.360523731,1000.469238,268.7597046,267.8346252,-61.33621216,-102.7744446,267.8346252,0
19464,1.683123827,-3.265691042,-1.434126854,-0.501215935,8.731176376,0.365320057,1000.469238,268.7597046,267.2207947,-61.43046951,-102.9052048,267.2207947,0
19474,1.889025092,-3.416525841,-1.422155857,-0.52253288,8.731176376,0.366385907,1000.736023,266.5241089,266.6060181,-61.52504349,-103.037468,266.6060181,0
19484,1.656787634,-3.588908434,-1.254561663,-0.543849885,8.731176376,0.361856043,1000.736023,266.5241089,266.0456238,-61.5513382,-103.1714554,266.0456238,0
19494,2.092532396,-3.332728863,-1.386242747,-0.560370564,8.731176376,0.351730466,1000.736023,266.5241089,265.429657,-61.64577484,-103.3028793,265.429657,0
19504,1.513135433,-3.311181068,-1.393425345,-0.567298651,8.731176376,0.341871351,1000.736023,264.2889709,264.8127441,-61.7403183,-103.4340897,264.8127441,0
19514,1.805228114,-3.217807055,-1.640028119,-0.573960185,8.731176376,0.329880536,1001.002808,264.2889709,264.1948853,-61.83488464,-103.5643692,264.1948853,0
19524,2.015917778,-3.38300705,-2.219424963,-0.578223586,8.731176376,0.318422645,1001.002808,264.2889709,263.649231,-61.8406105,-103.6962967,263.649231,0
19534,1.510741234,-3.404554844,-1.946485996,-0.571562052,8.731176376,0.306165397,1001.002808,264.2889709,263.0303345,-61.93530273,-103.8284454,263.0303345,0
19544,1.987187386,-3.359065056,-1.395819545,-0.558771789,8.731176376,0.300036758,1001.273071,262.0249329,262.4104919,-62.03007126,-103.9601364,262.4104919,0
19554,2.351106167,-3.555389643,-1.381454349,-0.548646212,8.731176376,0.296306252,1001.273071,262.0249329,261.7897034,-62.12519455,-104.0937881,261.7897034,0
19564,1.575384736,-3.452438831,-2.04704237,-0.538254201,8.731176376,0.297905058,1001.273071,262.0249329,261.2550354,-62.11606979,-104.2264099,261.2550354,0
19574,1.958456993,-3.315969467,-2.681505919,-0.529727399,8.731176376,0.301369071,1001.273071,262.0249329,260.6333923,-62.21075058,-104.357666,260.6333923,0
19584,1.790862918,-3.330334663,-2.147598982,-0.514539063,8.731176376,0.303500772,1001.544922,259.7485046,260.0108032,-62.30558014,-104.4890671,260.0108032,0
19594,2.04704237,-3.351882458,-1.908178806,-0.496686071,8.731176376,0.309629381,1001.544922,259.7485046,259.3872681,-62.40055847,-104.6206894,259.3872681,0
19604,2.164358377,-3.327940464,-2.288856745,-0.476967841,8.731176376,0.321087271,1001.544922,259.7485046,258.8618469,-62.3788414,-104.7520676,258.8618469,0
19614,1.980004787,-3.42131424,-2.248155355,-0.466842234,8.731176376,0.336808592,1001.544922,259.7485046,258.2375793,-62.47365189,-104.8843842,258.2375793,0
19624,2.00873518,-3.351882458,-2.233790159,-0.457516104,8.731176376,0.353595704,1001.815186,257.4854736,257.6123657,-62.56850052,-105.0160065,257.6123657,0
19634,2.200271368,-3.275267839,-1.975216389,-0.443926483,8.731176376,0.363987744,1001.815186,257.4854736,256.9862061,-62.66337967,-105.1468582,256.9862061,0
19644,2.157175779,-3.469198227,-1.738190413,-0.434333831,8.731176376,0.375445634,1001.815186,257.4854736,256.4710388,-62.62850952,-105.2796478,256.4710388,0
19654,2.128445387,-3.426102638,-2.169146776,-0.433001518,8.731176376,0.395163864,1001.815186,255.210022,255.8442841,-62.72323227,-105.4120102,255.8442841,0
19664,1.853112102,-3.409343243,-1.968033791,-0.435666144,8.731176376,0.408753455,1002.087036,255.210022,255.2165833,-62.81804657,-105.5442047,255.2165833,0
19674,1.630451322,-3.490746021,-1.175553083,-0.438064337,8.731176376,0.41967839,1002.087036,255.210022,254.5879364,-62.91306686,-105.6772156,254.5879364,0
19684,2.458845139,-3.399766445,-1.606509328,-0.441261858,8.731176376,0.427405834,1002.087036,255.210022,254.0813599,-62.86706924,-105.8093109,254.0813599,0
19694,1.422155857,-3.406949043,-2.11647439,-0.444192976,8.731176376,0.43007046,1002.362366,252.9057312,253.4522095,-62.9616127,-105.9414825,253.4522095,0
19704,1.63763392,-3.330334663,-2.272097349,-0.44978866,8.731176376,0.42900458,1002.362366,252.9057312,252.822113,-63.05617905,-106.0728836,252.822113,0
19714,1.884236693,-3.56496644,-1.529894829,-0.46018073,8.731176376,0.422875971,1002.362366,252.9057312,252.1910858,-63.15114594,-106.2066345,252.1910858,0
19724,1.455674648,-3.428496838,-1.78128612,-0.469240427,8.731176376,0.416214377,1002.362366,252.9057312,251.6900024,-63.09777451,-106.3390198,251.6900024,0
19734,1.651999116,-3.445256233,-1.841141105,-0.474036753,8.731176376,0.405822366,1002.64093,250.5751495,251.058548,-63.19218063,-106.4715729,251.058548,0
19744,1.817199111,-3.464409828,-1.965639591,-0.476168454,8.731176376,0.393831551,1002.64093,250.5751495,250.4261475,-63.28673935,-106.6043167,250.4261475,0
19754,1.63523972,-3.406949043,-2.032677174,-0.470306277,8.731176376,0.380508423,1002.64093,250.5751495,249.7928009,-63.38134766,-106.7364883,249.7928009,0
19764,1.661576033,-3.462015629,-2.001552582,-0.465776414,8.731176376,0.369050533,1002.64093,250.5751495,249.2947235,-63.32337952,-106.8692093,249.2947235,0
19774,1.836352706,-3.579331636,-2.212242365,-0.458048999,8.731176376,0.358125567,1002.921326,248.2291412,248.6610107,-63.41776276,-107.0031052,248.6610107,0
19784,2.15478158,-3.483563423,-1.776497602,-0.451120973,8.731176376,0.353062779,1002.921326,248.2291412,248.0263672,-63.51213455,-107.1360397,248.0263672,0
19794,2.054224968,-3.562572241,-1.668758631,-0.450321585,8.731176376,0.355460972,1002.921326,248.2291412,247.3907776,-63.60673141,-107.2697678,247.3907776,0
19804,1.551442742,-3.615244627,-2.166752577,-0.453519166,8.731176376,0.355194479,1002.921326,245.8651276,246.6696472,-63.79553223,-107.4040222,246.6696472,0
19814,1.960851192,-3.49553442,-1.833958507,-0.452986211,8.731176376,0.357059717,1003.204041,245.8651276,246.0312195,-63.89071655,-107.5370789,246.0312195,0
19824,2.149993181,-3.49553442,-2.037465572,-0.451120973,8.731176376,0.357859105,1003.204041,245.8651276,245.3918457,-63.98601913,-107.6701355,245.3918457,0
19834,2.121262789,-3.488351822,-1.539471745,-0.445791721,8.731176376,0.359990805,1003.204041,245.8651276,244.7515106,-64.08142853,-107.8031158,244.7515106,0
19844,1.606509328,-3.481169224,-1.745373011,-0.442327708,8.731176376,0.361056656,1003.484436,243.5201721,244.0546722,-64.23822021,-107.9360275,244.0546722,0
19854,2.260126352,-3.56496644,-1.944091797,-0.442061275,8.731176376,0.359191418,1003.484436,243.5201721,243.4118195,-64.334198,-108.0697784,243.4118195,0
19864,2.111685991,-3.500322819,-1.505952835,-0.440196037,8.731176376,0.35945788,1003.484436,243.5201721,242.7680054,-64.43023682,-108.2028809,242.7680054,0
19874,1.754949808,-3.636792421,-1.479616642,-0.437264919,8.731176376,0.35839203,1003.484436,243.5201721,242.1232147,-64.52648926,-108.3373489,242.1232147,0
19884,2.214636564,-3.677493811,-1.960851192,-0.435399711,8.731176376,0.357059717,1003.769836,241.1345825,241.4454956,-64.65785217,-108.4722214,241.4454956,0
19894,2.133233786,-3.507505417,-1.807622313,-0.430603355,8.731176376,0.360790193,1003.769836,241.1345825,240.7984314,-64.7543869,-108.6054001,240.7984314,0
19904,1.750161409,-3.45722723,-1.479616642,-0.42793873,8.731176376,0.369583488,1003.769836,241.1345825,240.1504059,-64.85100555,-108.7380753,240.1504059,0
19914,2.410961151,-3.600879431,-1.853112102,-0.432468593,8.731176376,0.381840736,1003.769836,241.1345825,239.5014038,-64.94780731,-108.8721848,239.5014038,0
19924,2.123656988,-3.476380825,-1.601720929,-0.445525289,8.731176376,0.393298626,1004.053589,238.7629242,238.8432617,-65.05355072,-109.0050507,238.8432617,0
19934,1.831564307,-3.648763418,-1.642422318,-0.460713625,8.731176376,0.395163864,1004.053589,238.7629242,238.1922455,-65.15061951,-109.1396408,238.1922455,0
19944,1.886630893,-3.557783842,-1.795651317,-0.477500767,8.731176376,0.398094952,1004.053589,238.7629242,237.5402527,-65.24777222,-109.2733154,237.5402527,0
19954,1.951274395,-3.569754839,-1.649604917,-0.492689133,8.731176376,0.39889431,1004.053589,236.3923187,236.8872833,-65.34503937,-109.4071121,236.8872833,0
19964,2.073378563,-3.646369219,-1.254561663,-0.507877529,8.731176376,0.398361385,1004.337341,236.3923187,236.247879,-65.42668915,-109.5416794,236.247879,0
19974,1.74776721,-3.665522814,-1.704671621,-0.52146709,8.731176376,0.393032134,1004.337341,236.3923187,235.5931244,-65.52414703,-109.6764374,235.5931244,0
19984,1.78128612,-3.766079187,-2.480392933,-0.533191383,8.731176376,0.386370599,1004.337341,236.3923187,234.9373932,-65.62174225,-109.8121948,234.9373932,0
19994,1.831564307,-3.598485231,-2.092532396,-0.539320052,8.731176376,0.377577305,1004.622803,234.0073547,234.2806854,-65.71942902,-109.9462814,234.2806854,0
20004,1.707065821,-3.627215624,-1.716642618,-0.536921918,8.731176376,0.36771822,1004.622803,234.0073547,233.6578674,-65.77960968,-110.0806503,233.6578674,0
20014,1.862688899,-3.682282209,-1.719036818,-0.528928041,8.731176376,0.354395092,1004.622803,234.0073547,232.999588,-65.87737274,-110.2155762,232.999588,0
20024,2.015917778,-3.60566783,-2.497152328,-0.514805496,8.731176376,0.346134782,1004.622803,234.0073547,232.340332,-65.97524261,-110.3497314,232.340332,0
20034,1.807622313,-3.660734415,-2.123656988,-0.496952504,8.731176376,0.340272576,1004.91156,231.5956726,231.6800842,-66.07322693,-110.484436,231.6800842,0
20044,1.606509328,-3.536235809,-2.303221941,-0.478300154,8.731176376,0.336009204,1004.91156,231.5956726,231.0707703,-66.11535645,-110.617897,231.0707703,0
20054,2.181117773,-3.849876404,-2.707842112,-0.452719748,8.731176376,0.337341517,1004.91156,231.5956726,230.4091339,-66.21330261,-110.7544937,230.4091339,0
20064,1.953668594,-3.782838583,-2.506729126,-0.421010703,8.731176376,0.350931078,1004.91156,231.5956726,229.7465057,-66.3113327,-110.890419,229.7465057,0
20074,1.865083098,-3.653551817,-2.224213362,-0.393298626,8.731176376,0.365320057,1005.19873,229.1979218,229.082901,-66.40945435,-111.0250549,229.082901,0
20084,2.138022184,-3.785232782,-2.257732153,-0.369316995,8.731176376,0.382373661,1005.19873,229.1979218,228.4879608,-66.4325943,-111.1610107,228.4879608,0
20094,2.236184359,-3.691859007,-2.324769735,-0.348266453,8.731176376,0.400759578,1005.19873,229.1979218,227.8231506,-66.53052521,-111.2960281,227.8231506,0
20104,1.572990537,-3.694253206,-1.900996208,-0.334676892,8.731176376,0.417280257,1005.19873,226.78685,227.1573639,-66.62853241,-111.4310684,227.1573639,0
20114,1.766920805,-3.646369219,-2.097320795,-0.325883597,8.731176376,0.432468593,1005.487549,226.78685,226.4905853,-66.72661591,-111.5656357,226.4905853,0
20124,2.123656988,-3.536235809,-1.89620769,-0.32615009,8.731176376,0.441794783,1005.487549,226.78685,225.9083862,-66.73233795,-111.6990967,225.9083862,0
20134,1.285686255,-3.778050184,-1.527500629,-0.332012266,8.731176376,0.445258796,1005.487549,226.78685,225.2405701,-66.83013153,-111.8349762,225.2405701,0
20144,1.994369984,-3.670311213,-1.201889277,-0.33867383,8.731176376,0.448189914,1005.783936,224.3131409,224.5717773,-66.92799377,-111.96978,224.5717773,0
20154,1.027112484,-3.615244627,-1.37666595,-0.362388968,8.731176376,0.450321585,1005.783936,224.3131409,223.9020081,-67.02593231,-112.1040344,223.9020081,0
20164,1.323993564,-3.806780815,-1.098938584,-0.401026011,8.731176376,0.443926483,1005.783936,224.3131409,223.3267212,-67.02042389,-112.2402039,223.3267212,0
20174,1.623268723,-3.816357613,-1.101332784,-0.439130157,8.731176376,0.435133219,1005.783936,224.3131409,222.6560211,-67.11804962,-112.3764648,222.6560211,0
20184,0.802057564,-3.766079187,-1.285686255,-0.477767229,8.731176376,0.4103522,1006.07196,221.9098816,221.9843597,-67.21575928,-112.5122223,221.9843597,0
20194,0.976834297,-3.895366192,-1.256955862,-0.504946411,8.731176376,0.377577305,1006.07196,221.9098816,221.3117065,-67.313591,-112.6492767,221.3117065,0
20204,1.233013868,-3.833117008,-1.398213744,-0.519601822,8.731176376,0.339473218,1006.07196,221.9098816,220.7497406,-67.2898941,-112.7857056,220.7497406,0
20214,0.622492433,-3.770867586,-2.04464817,-0.519335389,8.731176376,0.299503833,1006.07196,221.9098816,220.076355,-67.38730621,-112.9215164,220.076355,0
20224,1.582567334,-3.830722809,-2.013523579,-0.506012261,8.731176376,0.262199074,1006.365845,219.4583893,219.4019928,-67.48483276,-113.0579224,219.4019928,0
20234,1.00317049,-3.804386616,-1.951274395,-0.484695256,8.731176376,0.228091896,1006.365845,219.4583893,218.7266541,-67.58245087,-113.1940689,218.7266541,0
20244,1.230619669,-3.904942989,-2.580949545,-0.457516104,8.731176376,0.198780999,1006.365845,219.4583893,218.1734619,-67.54545593,-113.3312149,218.1734619,0
20254,1.503558636,-3.892971992,-2.054224968,-0.425807029,8.731176376,0.17506586,1006.65802,216.9869385,217.4975128,-67.6426239,-113.4682465,217.4975128,0
20264,1.738190413,-3.924096584,-1.872265697,-0.395163864,8.731176376,0.158012256,1006.66217,216.9869385,216.8206024,-67.73988342,-113.6055908,216.8206024,0
20274,2.188300371,-3.921702385,-1.8579005,-0.369316995,8.731176376,0.153482378,1006.66217,216.9869385,216.1427155,-67.83721161,-113.7429047,216.1427155,0
20284,1.707065821,-3.801992416,-1.960851192,-0.345868289,8.731176376,0.159344569,1006.66217,216.9869385,215.5965729,-67.78874969,-113.8790283,215.5965729,0
20294,2.157175779,-3.840299606,-1.699883223,-0.326949447,8.731176376,0.170802444,1006.956116,214.5361023,214.9181976,-67.88550568,-114.0155334,214.9181976,0
20304,2.513911724,-3.967192173,-1.78128612,-0.310695261,8.731176376,0.187056661,1006.956116,214.5361023,214.2388611,-67.98239899,-114.1533051,214.2388611,0
20314,2.126051188,-3.806780815,-1.470039845,-0.304033697,8.731176376,0.205975503,1006.956116,214.5361023,213.558548,-68.07926941,-114.2894745,213.558548,0
20324,2.365471363,-3.883395195,-1.206677675,-0.306964755,8.731176376,0.227292493,1006.956116,214.5361023,213.0214081,-68.01737213,-114.4264069,213.0214081,0
